scenario,latency_seconds,friction_bps,min_entry_price,max_entry_price,max_spread,period,signal_id,family,threshold_quantile,threshold,orientation,horizon,trades,games,pnl,mean_return,median_return,win_rate,max_drawdown,profit_factor,mean_fair_markout,median_weekly_score,mean_weekly_score,mean_weekly_pnl,positive_weeks,weeks
BASE_60S_25BPS,60,25.0,0.05,0.95,0.1,REG_WEEKS_14_18_CONFIRMATION,dq2_outcome_hgb_l15_r10_surprise_ewm10,DQ2_EPA_HGB,0.6,0.0808722506529674,1,settle,78,78,53.89358923504576,0.06909434517313556,-1.0025,0.48717948717948717,69.9591669568605,1.1343979781422588,0.0341372183638056,-18.880549713304283,-8.624369041219365,10.778717847009153,3,5
BASE_60S_25BPS,60,25.0,0.05,0.95,0.1,REG_WEEKS_14_18_CONFIRMATION,dq2_outcome_hgb_l7_r5_surprise_ewm5,DQ2_EPA_HGB,0.7,0.1476416999738668,1,settle,78,78,44.89849498333141,0.05756217305555305,-1.0025,0.44871794871794873,161.84365555827821,1.1041547178178543,0.015233396934444633,-19.91093284332312,-16.497221379178608,8.97969899666628,3,5
BASE_60S_25BPS,60,25.0,0.05,0.95,0.1,REG_WEEKS_14_18_CONFIRMATION,dq2_outcome_hgb_l7_r5_surprise_ewm10,DQ2_EPA_HGB,0.6,0.0875126599862819,1,settle,78,78,99.05553059652937,0.1269942699955504,0.06704930221917177,0.5256410256410257,105.80639764075713,1.2670500251978958,0.04811098527685571,-5.573934071211539,-1.092926701880701,19.811106119305872,4,5
BASE_60S_25BPS,60,25.0,0.05,0.95,0.1,REG_WEEKS_14_18_CONFIRMATION,p11_cvw0.5_k3_c0.1_tnone,P11_V2_GRID,0.6,3.1930212085612006,1,settle,74,74,31.675960146659854,0.04280535154954039,-1.0025,0.4594594594594595,67.86584299283228,1.0789924193183538,0.03156538964079122,-1.6247065180888534,-13.849677953520375,6.335192029331975,3,5
BASE_60S_25BPS,60,25.0,0.05,0.95,0.1,REG_WEEKS_14_18_CONFIRMATION,p11_cvw0.5_k3_c0.1_tremaining_linear,P11_V2_GRID,0.6,0.15965106042806,1,settle,74,74,31.675960146659854,0.04280535154954039,-1.0025,0.4594594594594595,67.86584299283228,1.0789924193183538,0.03156538964079122,-1.6247065180888534,-13.849677953520375,6.335192029331975,3,5
BASE_60S_25BPS,60,25.0,0.05,0.95,0.1,REG_WEEKS_14_18_CONFIRMATION,p11_cvw0.5_k3_c0.1_telapsed_sqrt,P11_V2_GRID,0.6,3.1828501141215737,1,settle,74,74,40.72573390231596,0.05503477554367027,-1.0025,0.4594594594594595,67.86584299283228,1.101560433671611,0.032497965236690234,-0.6293057537732842,-12.039723202389151,8.145146780463197,3,5
BASE_60S_25BPS,60,25.0,0.05,0.95,0.1,REG_WEEKS_14_18_CONFIRMATION,p11_cvw0.5_k3_c0.1_tp11_cosine,P11_V2_GRID,0.6,0.3221907791020931,1,settle,73,73,41.70096014665987,0.057124602940629994,-1.0025,0.4657534246575342,67.86584299283228,1.1066588916085685,0.03673075921233919,-1.6247065180888534,-11.844677953520378,8.340192029331973,3,5
BASE_60S_25BPS,60,25.0,0.05,0.95,0.1,REG_WEEKS_14_18_CONFIRMATION,dq2_process_hgb_l15_r10_surprise_ewm5,DQ2_EPA_HGB,0.8,0.5176337005850116,-1,settle,77,77,11.169939481314444,0.014506414910797957,0.16029069767441867,0.5974025974025974,101.65150060026787,1.0359422073246385,0.0096901670532803,-19.307818980023058,-16.371194582276104,2.233987896262886,2,5
BASE_60S_25BPS,60,25.0,0.05,0.95,0.1,REG_WEEKS_14_18_CONFIRMATION,dq2_process_hgb_l7_r5_surprise_ewm10,DQ2_EPA_HGB,0.6,0.2542854895101879,1,settle,78,78,131.41147927425268,0.16847625547981115,-0.46486559139784944,0.5,62.018181818181816,1.336112230383664,0.08947912354359713,-38.67035125307733,4.042290394561013,26.282295854850542,2,5
BASE_60S_25BPS,60,25.0,0.05,0.95,0.1,REG_WEEKS_14_18_CONFIRMATION,dq2_market_hgb_15m_l7_r5,DQ2_MARKET_HGB,0.8,0.0398489669697667,-1,30m,76,47,44.49509472247992,0.058546177266420946,-0.0025,0.4868421052631579,17.146739121222126,1.5565337063329165,0.023303164760886064,-1.1398155378076753,3.6371910372558545,8.899018944495984,3,5
BASE_60S_25BPS,60,25.0,0.05,0.95,0.1,REG_WEEKS_14_18_CONFIRMATION,dq2_market_hgb_15m_l7_r5,DQ2_MARKET_HGB,0.85,0.0461950882524378,-1,30m,51,35,42.13852167993749,0.08262455231360297,0.030833333333333438,0.5490196078431373,28.735003035382086,1.6317567285156833,0.02590262146605891,3.355486788590772,3.5569010155170835,8.427704335987501,3,5
BASE_60S_25BPS,60,25.0,0.05,0.95,0.1,REG_WEEKS_14_18_CONFIRMATION,dq2_market_hgb_15m_l15_r10,DQ2_MARKET_HGB,0.95,0.0855382209696666,-1,5m,29,20,5.38641950568437,0.01857386036442887,-0.041461038961038976,0.3448275862068966,16.142588994389616,1.2118233624882262,-0.008846637364289906,0.07018067904263037,-0.9821653630775706,1.0772839011368738,3,5
BASE_60S_25BPS,60,25.0,0.05,0.95,0.1,REG_WEEKS_14_18_CONFIRMATION,dq2_market_hgb_15m_l31_r20,DQ2_MARKET_HGB,0.7,0.0415017778949682,1,settle,69,69,2.8591357705425438,0.004143675029771771,-1.0025,0.43478260869565216,91.9541124736777,1.0073128352721854,0.0017127522370019384,9.074588107900663,-24.341522901632853,0.571827154108503,3,5
BASE_60S_25BPS,60,25.0,0.05,0.95,0.1,REG_WEEKS_14_18_CONFIRMATION,prior_sq_process_adjustment_ewm5,PRIOR_SQ_EPA,0.8,0.628218750930896,-1,30m,199,69,29.302640765558255,0.014724945108320736,-0.0867105263157894,0.4371859296482412,105.01969445614176,1.066795427880941,0.011685746150651807,10.850210295424766,-18.382140261682572,5.8605281531116455,3,5
BASE_60S_25BPS,60,25.0,0.05,0.95,0.1,REG_WEEKS_14_18_CONFIRMATION,baseline_cumulative_epa,BASELINE,0.8,14.412759758532047,-1,30m,42,28,30.83310761181606,0.07341216098051451,-0.2506481481481482,0.3333333333333333,52.596747949825925,1.2171379025360691,0.020592452418735037,-17.84598560354374,-5.48301748052477,6.16662152236321,2,5
BASE_60S_25BPS,60,25.0,0.05,0.95,0.1,REG_WEEKS_14_18_CONFIRMATION,baseline_cumulative_epa,BASELINE,0.7,10.731233805418007,1,settle,53,53,40.62962644885253,0.07665967254500472,0.13386363636363646,0.7547169811320755,53.311904731119576,1.3117561975741605,0.02108022665473382,-1.0557339176249343,-1.4881834938217893,8.125925289770503,4,5
BASE_60S_25BPS,60,25.0,0.05,0.95,0.1,REG_WEEKS_14_18_CONFIRMATION,baseline_net_yards_007,BASELINE,0.9,7.385,-1,5m,32,14,8.84512700048327,0.027641021876510213,-0.01313950198075836,0.34375,9.512168308881519,1.4726740781215282,0.002391419214100148,-1.655373005713404,0.6917126977303217,1.769025400096654,2,5
BASE_60S_25BPS,60,25.0,0.05,0.95,0.1,REG_WEEKS_14_18_CONFIRMATION,p11_v2_exact,P11_V2_EXACT,0.6,0.3359957097075061,-1,settle,66,66,-59.8742148273735,-0.09071850731420229,0.06704930221917177,0.6363636363636364,112.48670221404754,0.7511462392877244,-0.03336807598129561,-7.702026285873837,-29.560056768143085,-11.974842965474704,3,5
BASE_60S_25BPS,60,25.0,0.05,0.95,0.1,REG_WEEKS_14_18_CONFIRMATION,baseline_current_dq_cumulative,BASELINE,0.8,6.122135242000772,1,15m,46,29,-73.90678467658046,-0.16066692320995749,-0.3136111111111111,0.34782608695652173,78.44761633947094,0.5728510855412543,-0.011047852133262691,-26.537710084033613,-26.553414646702215,-14.781356935316087,1,5
BASE_60S_25BPS,60,25.0,0.05,0.95,0.1,REG_WEEKS_14_18_CONFIRMATION,p11_v2_exact,P11_V2_EXACT,0.9,0.7779313984309322,-1,15m,13,9,-6.5436669614767435,-0.05033589970366726,-0.013026315789473717,0.46153846153846156,6.196086316315452,0.24287879024128534,-0.022536686701701374,-1.2092564693371157,-1.7600506276915315,-1.3087333922953488,0,5
BASE_60S_25BPS,60,25.0,0.05,0.95,0.1,REG_WEEKS_14_18_CONFIRMATION,p11_v2_exact,P11_V2_EXACT,0.8,0.5741461803163885,-1,30m,40,29,-11.219300664634146,-0.028048251661585366,0.008608622620380814,0.525,27.6101685483189,0.7399399874963514,-0.005277345810588248,-3.1211778323539683,-5.198889558328148,-2.243860132926829,2,5
BASE_60S_25BPS,60,25.0,0.05,0.95,0.1,REG_WEEKS_14_18_CONFIRMATION,p11_v2_exact,P11_V2_EXACT,0.9,0.7779313984309322,-1,5m,20,10,-4.888664165641526,-0.024443320828207632,-0.013552760136785578,0.25,4.756137283921095,0.39137093692042385,-0.0005399249142260532,-1.2908445784137623,-1.477889274725474,-0.9777328331283052,0,5
BASE_60S_25BPS,60,25.0,0.05,0.95,0.1,REG_WEEKS_14_18_CONFIRMATION,baseline_net_yards_007,BASELINE,0.9,7.385,-1,30m,12,10,-8.4235465743609,-0.07019622145300748,-0.03329230333899269,0.5,12.119172253129426,0.507577709871534,-0.03157998521212073,-0.7288912814373498,-2.8083930048559953,-1.6847093148721792,3,5
BASE_60S_25BPS,60,25.0,0.05,0.95,0.1,REG_WEEKS_14_18_CONFIRMATION,baseline_current_dq_cumulative,BASELINE,0.85,6.962058824045694,1,30m,14,12,-8.339369454075332,-0.05956692467196672,-0.524478021978022,0.2857142857142857,41.23590625061213,0.8707793856385764,0.005596421078175754,-2.025000000000001,-6.694405692346869,-1.6678738908150674,2,5
BASE_60S_25BPS,60,25.0,0.05,0.95,0.1,REG_WEEKS_14_18_CONFIRMATION,tweak_process_outcome_agreement,DQ2_TWEAK_AGREEMENT,0.8,1.5641421815391412,1,settle,74,74,210.55254927254526,0.284530471989926,-1.0025,0.4594594594594595,68.59106292992516,1.5250687014277935,0.06518099664136169,4.734025550472936,23.32334381755164,42.110509854509054,3,5
BASE_60S_25BPS,60,25.0,0.05,0.95,0.1,REG_WEEKS_14_18_CONFIRMATION,tweak_process_outcome_ensemble,DQ2_TWEAK_ENSEMBLE,0.85,1.5079970473606323,1,settle,74,74,182.51888191626833,0.24664713772468688,-1.0025,0.4594594594594595,78.88021234640019,1.4551593065243602,0.05059394760612558,-26.50014431229188,16.68769540464877,36.50377638325368,2,5
BASE_60S_25BPS,60,25.0,0.05,0.95,0.1,REG_WEEKS_14_18_CONFIRMATION,tweak_process_uncertainty_scaled,DQ2_TWEAK_PRICE_AWARE,0.6,0.4255413557822185,1,settle,76,76,51.86323169453037,0.06824109433490838,-1.0025,0.4605263157894737,97.61677215189874,1.1261802364686586,0.021511874903732905,-85.4861861598605,-22.332231606835922,10.372646338906073,2,5
BASE_60S_25BPS,60,25.0,0.05,0.95,0.1,REG_WEEKS_14_18_CONFIRMATION,tweak_outcome_epa_agreement,DQ2_TWEAK_AGREEMENT,0.8,1.3042297086372814,-1,settle,46,46,73.95118416185306,0.1607634438301153,-1.0025,0.2608695652173913,142.93155737704924,1.2169610801286581,-0.014784356643597703,-38.065788446526135,-13.926280974299834,14.790236832370605,2,5
BASE_60S_25BPS,60,25.0,0.05,0.95,0.1,REG_WEEKS_14_18_CONFIRMATION,tweak_process_epa_ensemble,DQ2_TWEAK_ENSEMBLE,0.8,0.9452602120503795,1,settle,74,74,116.33504612871869,0.15720952179556572,0.055730683090705446,0.5135135135135135,62.61649772263516,1.3223470383173146,0.04081583773722777,-2.8049296734010554,6.8399935388668265,23.267009225743728,3,5
BASE_60S_25BPS,60,25.0,0.05,0.95,0.1,REG_WEEKS_14_18_CONFIRMATION,tweak_outcome_remaining_time_scaled,DQ2_TWEAK_TIME_AWARE,0.9,0.1955260315222922,-1,settle,67,67,192.8192280289763,0.28778989258056153,0.072768817204301,0.5970149253731343,57.621974439227984,1.7123643780510809,0.05769809121924819,-7.270967119364112,21.71620882526977,38.56384560579526,3,5
BASE_60S_25BPS,60,25.0,0.05,0.95,0.1,REG_WEEKS_14_18_CONFIRMATION,tweak_market_uncertainty_scaled,DQ2_TWEAK_PRICE_AWARE,0.85,1.1654701584764322,-1,30m,77,50,5.590638761962826,0.007260569820730947,-0.0025,0.4805194805194805,37.03979336628815,1.045524712774248,0.008088760124938,-19.529760064279273,-6.686702201051711,1.1181277523925643,2,5
BASE_60S_25BPS,60,25.0,0.05,0.95,0.1,REG_WEEKS_14_18_CONFIRMATION,tweak_process_outcome_epa_ensemble,DQ2_TWEAK_ENSEMBLE,0.6,0.5590538939184704,1,settle,78,78,61.9230420211607,0.07938851541174453,-1.0025,0.44871794871794873,88.76981476955521,1.1436479545813627,0.014062737478764912,-12.660690820396926,-11.067642475337683,12.384608404232143,3,5
BASE_60S_25BPS,60,25.0,0.05,0.95,0.1,REG_WEEKS_14_18_CONFIRMATION,tweak_outcome_epa_agreement,DQ2_TWEAK_AGREEMENT,0.85,1.5000079826371508,1,5m,74,35,1.1746502431251469,0.001587365193412358,-0.01566017316017315,0.3783783783783784,12.01522966554234,1.0395401224976966,0.013230840754437067,0.9717872894802677,-1.9305000887542778,0.23493004862502956,3,5
BASE_60S_25BPS,60,25.0,0.05,0.95,0.1,REG_WEEKS_14_18_CONFIRMATION,tweak_outcome_epa_agreement,DQ2_TWEAK_AGREEMENT,0.7,1.1083703175196418,-1,30m,76,53,13.67662710264688,0.01799556197716696,-0.2025,0.3026315789473684,76.26708959020401,1.0653483419967018,-0.0074057572621747435,-0.8047082128092606,-11.567978872609565,2.735325420529384,3,5
BASE_60S_25BPS,60,25.0,0.05,0.95,0.1,POSTSEASON_FINAL_AUDIT,dq2_outcome_hgb_l15_r10_surprise_ewm10,DQ2_EPA_HGB,0.6,0.0808722506529674,1,settle,12,12,3.27038829571422,0.027253235797618514,0.1930291454442558,0.5833333333333334,27.75911517925247,1.0652446542785878,0.08854605291127056,-6.674184782608695,-2.9417779260714454,0.8175970739285541,2,4
BASE_60S_25BPS,60,25.0,0.05,0.95,0.1,POSTSEASON_FINAL_AUDIT,dq2_outcome_hgb_l7_r5_surprise_ewm5,DQ2_EPA_HGB,0.7,0.1476416999738668,1,settle,12,12,-4.742679564552287,-0.039522329704602344,-0.46486559139784944,0.5,45.30297482837528,0.9211524594421897,0.029266295344394743,-6.674184782608695,-6.198169891138071,-1.1856698911380716,2,4
BASE_60S_25BPS,60,25.0,0.05,0.95,0.1,POSTSEASON_FINAL_AUDIT,dq2_outcome_hgb_l7_r5_surprise_ewm10,DQ2_EPA_HGB,0.6,0.0875126599862819,1,settle,12,12,-31.514850663753418,-0.2626237555312785,-1.0025,0.4166666666666667,45.302974828375284,0.550910571232584,-0.060992602514387206,-13.155937917689066,-12.891212665938353,-7.878712665938354,1,4
BASE_60S_25BPS,60,25.0,0.05,0.95,0.1,POSTSEASON_FINAL_AUDIT,p11_cvw0.5_k3_c0.1_tnone,P11_V2_GRID,0.6,3.1930212085612006,1,settle,12,12,-52.011134538966814,-0.4334261211580568,-1.0025,0.3333333333333333,51.96113453896682,0.35148211298046356,-0.07695416448198372,-20.993067269483408,-19.268408634741704,-13.002783634741704,0,4
BASE_60S_25BPS,60,25.0,0.05,0.95,0.1,POSTSEASON_FINAL_AUDIT,p11_cvw0.5_k3_c0.1_tremaining_linear,P11_V2_GRID,0.6,0.15965106042806,1,settle,12,12,-52.011134538966814,-0.4334261211580568,-1.0025,0.3333333333333333,51.96113453896682,0.35148211298046356,-0.07695416448198372,-20.993067269483408,-19.268408634741704,-13.002783634741704,0,4
BASE_60S_25BPS,60,25.0,0.05,0.95,0.1,POSTSEASON_FINAL_AUDIT,p11_cvw0.5_k3_c0.1_telapsed_sqrt,P11_V2_GRID,0.6,3.1828501141215737,1,settle,12,12,-51.60297127366069,-0.43002476061383915,-1.0025,0.3333333333333333,51.96113453896682,0.3565714305029838,-0.0769243260995127,-20.788985636830347,-19.166367818415175,-12.900742818415173,0,4
BASE_60S_25BPS,60,25.0,0.05,0.95,0.1,POSTSEASON_FINAL_AUDIT,p11_cvw0.5_k3_c0.1_tp11_cosine,P11_V2_GRID,0.6,0.3221907791020931,1,settle,12,12,-52.011134538966814,-0.4334261211580568,-1.0025,0.3333333333333333,51.96113453896682,0.35148211298046356,-0.07675002938118712,-20.993067269483408,-19.268408634741704,-13.002783634741704,0,4
BASE_60S_25BPS,60,25.0,0.05,0.95,0.1,POSTSEASON_FINAL_AUDIT,dq2_process_hgb_l15_r10_surprise_ewm5,DQ2_EPA_HGB,0.8,0.5176337005850116,-1,settle,12,12,34.70786441289874,0.28923220344082284,0.4364233954451347,0.75,10.024999999999999,2.1540437045020364,0.17744049016316274,9.366431525398921,7.423841103224687,8.676966103224686,3,4
BASE_60S_25BPS,60,25.0,0.05,0.95,0.1,POSTSEASON_FINAL_AUDIT,dq2_process_hgb_l7_r5_surprise_ewm10,DQ2_EPA_HGB,0.6,0.2542854895101879,1,settle,12,12,-0.9926089363745376,-0.008271741136454513,-0.46486559139784944,0.5,28.385869565217387,0.9834977732938563,0.05518941208094269,-6.674184782608695,-6.513777234093634,-0.24815223409363485,2,4
BASE_60S_25BPS,60,25.0,0.05,0.95,0.1,POSTSEASON_FINAL_AUDIT,dq2_market_hgb_15m_l7_r5,DQ2_MARKET_HGB,0.8,0.0398489669697667,-1,30m,7,6,-1.8914085622950791,-0.02702012231850112,-0.025755813953488412,0.42857142857142855,2.3166666666666664,0.7711912606410545,0.0046650189139693975,0.05102862254025067,-0.7624354739071031,-0.4728521405737698,2,4
BASE_60S_25BPS,60,25.0,0.05,0.95,0.1,POSTSEASON_FINAL_AUDIT,dq2_market_hgb_15m_l7_r5,DQ2_MARKET_HGB,0.85,0.0461950882524378,-1,30m,4,4,-6.918162393162391,-0.17295405982905976,-0.17263888888888884,0.25,3.4527777777777766,0.049412800939518615,-0.06656351799747709,0.0,-2.16113782051282,-1.7295405982905978,1,4
BASE_60S_25BPS,60,25.0,0.05,0.95,0.1,POSTSEASON_FINAL_AUDIT,dq2_market_hgb_15m_l15_r10,DQ2_MARKET_HGB,0.95,0.0855382209696666,-1,5m,0,0,0.0,,,,0.0,,,0.0,0.0,0.0,0,4
BASE_60S_25BPS,60,25.0,0.05,0.95,0.1,POSTSEASON_FINAL_AUDIT,dq2_market_hgb_15m_l31_r20,DQ2_MARKET_HGB,0.7,0.0415017778949682,1,settle,12,12,18.89546520467978,0.15746221003899816,0.4717524916943522,0.5833333333333334,39.31632379248658,1.3769668868764045,0.11097871843519025,-7.928365384615383,0.9644913011699452,4.723866301169943,1,4
BASE_60S_25BPS,60,25.0,0.05,0.95,0.1,POSTSEASON_FINAL_AUDIT,prior_sq_process_adjustment_ewm5,PRIOR_SQ_EPA,0.8,0.628218750930896,-1,30m,36,12,-8.124633876688064,-0.022568427435244603,-0.0025,0.4722222222222222,29.755423675124916,0.8439664842790667,0.0016492704682024195,-1.7726796487825904,-6.406729622006016,-2.0311584691720155,2,4
BASE_60S_25BPS,60,25.0,0.05,0.95,0.1,POSTSEASON_FINAL_AUDIT,baseline_cumulative_epa,BASELINE,0.8,14.412759758532047,-1,30m,8,5,-15.895767195767194,-0.19869708994708993,-0.09972222222222221,0.5,13.106481481481477,0.37996863004086345,-0.019906200432767068,-1.3651785714285711,-6.234126984126983,-3.9739417989417984,1,4
BASE_60S_25BPS,60,25.0,0.05,0.95,0.1,POSTSEASON_FINAL_AUDIT,baseline_cumulative_epa,BASELINE,0.7,10.731233805418007,1,settle,9,9,6.553994150185696,0.07282215722428548,0.2962012987012987,0.7777777777777778,10.024999999999999,1.3268825012561445,0.045919662371095064,2.7996753246753254,1.6384985375464238,1.6384985375464238,3,4
BASE_60S_25BPS,60,25.0,0.05,0.95,0.1,POSTSEASON_FINAL_AUDIT,baseline_net_yards_007,BASELINE,0.9,7.385,-1,5m,9,3,-1.4874344552106278,-0.016527049502340314,-0.0025,0.3333333333333333,2.710965166655613,0.46919885287755136,0.00026190166957747635,0.0,-0.48511991258630804,-0.3718586138026569,1,4
BASE_60S_25BPS,60,25.0,0.05,0.95,0.1,POSTSEASON_FINAL_AUDIT,p11_v2_exact,P11_V2_EXACT,0.6,0.3359957097075061,-1,settle,10,10,5.138327639648173,0.051383276396481735,0.16804580100721372,0.7,20.049999999999997,1.1708504618336883,0.030393758325540848,-1.014699208169199,0.03145690991204317,1.284581909912043,2,4
BASE_60S_25BPS,60,25.0,0.05,0.95,0.1,POSTSEASON_FINAL_AUDIT,baseline_current_dq_cumulative,BASELINE,0.8,6.122135242000772,1,15m,7,3,-27.26398046398046,-0.38948543519972084,-0.2882142857142857,0.0,25.01675824175824,0.0,-0.02123928036719776,-5.136111111111111,-8.936839896214895,-6.815995115995115,0,4
BASE_60S_25BPS,60,25.0,0.05,0.95,0.1,POSTSEASON_FINAL_AUDIT,p11_v2_exact,P11_V2_EXACT,0.9,0.7779313984309322,-1,15m,9,2,-6.916633486949786,-0.07685148318833096,-0.01348901098901095,0.2222222222222222,7.58682603508682,0.09430521853295648,-0.05348270302028256,0.0,-2.6358449594566324,-1.7291583717374466,1,4
BASE_60S_25BPS,60,25.0,0.05,0.95,0.1,POSTSEASON_FINAL_AUDIT,p11_v2_exact,P11_V2_EXACT,0.8,0.5741461803163885,-1,30m,8,3,-11.523982541899471,-0.1440497817737434,-0.0568478260869566,0.25,12.28130648256843,0.09552609989982111,-0.10593802649372414,-1.6282450705480633,-3.983929468183981,-2.8809956354748674,0,4
BASE_60S_25BPS,60,25.0,0.05,0.95,0.1,POSTSEASON_FINAL_AUDIT,p11_v2_exact,P11_V2_EXACT,0.9,0.7779313984309322,-1,5m,14,2,-1.4409193239343803,-0.010292280885245577,-0.0025,0.2857142857142857,1.9512278793341,0.3581021161677081,0.0027944092902233353,-0.05292602307275329,-0.6124181996212881,-0.3602298309835952,1,4
BASE_60S_25BPS,60,25.0,0.05,0.95,0.1,POSTSEASON_FINAL_AUDIT,baseline_net_yards_007,BASELINE,0.9,7.385,-1,30m,3,2,-2.058872534732343,-0.06862908449107809,-0.03583333333333333,0.3333333333333333,0.3583333333333334,0.1555518585890383,-0.032698210353026926,0.0,-0.5147181336830857,-0.5147181336830857,1,4
BASE_60S_25BPS,60,25.0,0.05,0.95,0.1,POSTSEASON_FINAL_AUDIT,baseline_current_dq_cumulative,BASELINE,0.85,6.962058824045694,1,30m,4,2,-9.80405982905983,-0.24510149572649573,-0.1606196581196581,0.5,15.309615384615386,0.3596142304847242,-0.015816467748406712,0.0,-4.364716880341881,-2.4510149572649578,1,4
BASE_60S_25BPS,60,25.0,0.05,0.95,0.1,POSTSEASON_FINAL_AUDIT,tweak_process_outcome_agreement,DQ2_TWEAK_AGREEMENT,0.8,1.5641421815391412,1,settle,12,12,14.364358047454466,0.11970298372878718,-1.0025,0.4166666666666667,40.099999999999994,1.2046933815098608,0.030335330009891904,6.5904069767441875,-0.1682854881363829,3.5910895118636166,2,4
BASE_60S_25BPS,60,25.0,0.05,0.95,0.1,POSTSEASON_FINAL_AUDIT,tweak_process_outcome_ensemble,DQ2_TWEAK_ENSEMBLE,0.85,1.5079970473606323,1,settle,12,12,-7.152325471251302,-0.059602712260427536,-1.0025,0.3333333333333333,48.43586956521739,0.9108188843983628,-0.03978056740081323,-6.674184782608695,-6.800581367812824,-1.7880813678128247,2,4
BASE_60S_25BPS,60,25.0,0.05,0.95,0.1,POSTSEASON_FINAL_AUDIT,tweak_process_uncertainty_scaled,DQ2_TWEAK_PRICE_AWARE,0.6,0.4255413557822185,1,settle,12,12,-39.842159295479966,-0.33201799412899974,-1.0025,0.4166666666666667,41.58186517783291,0.43224568157492027,-0.07374658464542398,-16.729166666666664,-17.47928982386999,-9.960539823869992,0,4
BASE_60S_25BPS,60,25.0,0.05,0.95,0.1,POSTSEASON_FINAL_AUDIT,tweak_outcome_epa_agreement,DQ2_TWEAK_AGREEMENT,0.8,1.3042297086372814,-1,settle,7,7,-16.177805049088352,-0.2311115007012622,-1.0025,0.2857142857142857,38.41086956521738,0.6772507720880128,-0.05628644515575217,-11.43971774193548,-9.056951262272086,-4.044451262272088,1,4
BASE_60S_25BPS,60,25.0,0.05,0.95,0.1,POSTSEASON_FINAL_AUDIT,tweak_process_epa_ensemble,DQ2_TWEAK_ENSEMBLE,0.8,0.9452602120503795,1,settle,12,12,-38.204601208073264,-0.3183716767339439,-1.0025,0.3333333333333333,45.22462686567164,0.5236334013955951,-0.1250084967212579,-7.57481343283582,-14.563650302018315,-9.551150302018316,1,4
BASE_60S_25BPS,60,25.0,0.05,0.95,0.1,POSTSEASON_FINAL_AUDIT,tweak_outcome_remaining_time_scaled,DQ2_TWEAK_TIME_AWARE,0.9,0.1955260315222922,-1,settle,11,11,24.21589503287729,0.22014450029888447,0.33083333333333326,0.6363636363636364,20.049999999999997,1.603887656680232,0.055721555114440637,9.04187822133709,2.294598758219325,6.053973758219323,3,4
BASE_60S_25BPS,60,25.0,0.05,0.95,0.1,POSTSEASON_FINAL_AUDIT,tweak_market_uncertainty_scaled,DQ2_TWEAK_PRICE_AWARE,0.85,1.1654701584764322,-1,30m,12,8,-22.108868656773147,-0.18424057213977618,-0.2380510752688172,0.4166666666666667,19.754291091481296,0.21788151282486298,-0.06313482536163433,-3.458657754846778,-7.6860868839617815,-5.527217164193287,2,4
BASE_60S_25BPS,60,25.0,0.05,0.95,0.1,POSTSEASON_FINAL_AUDIT,tweak_process_outcome_epa_ensemble,DQ2_TWEAK_ENSEMBLE,0.6,0.5590538939184704,1,settle,12,12,-1.9229702811030052,-0.016024752342525057,-0.46486559139784944,0.5,48.43586956521739,0.9680304192667829,0.04971168667931544,-6.674184782608695,-5.49324257027575,-0.4807425702757504,2,4
BASE_60S_25BPS,60,25.0,0.05,0.95,0.1,POSTSEASON_FINAL_AUDIT,tweak_outcome_epa_agreement,DQ2_TWEAK_AGREEMENT,0.85,1.5000079826371508,1,5m,13,5,-7.0015909886936365,-0.05385839222072027,-0.05334745762711851,0.23076923076923078,7.1194481315507785,0.1874740160296426,-0.023885112300336558,-1.9054100790513826,-2.4055749757384683,-1.750397747173409,0,4
BASE_60S_25BPS,60,25.0,0.05,0.95,0.1,POSTSEASON_FINAL_AUDIT,tweak_outcome_epa_agreement,DQ2_TWEAK_AGREEMENT,0.7,1.1083703175196418,-1,30m,12,7,-13.210934804599496,-0.11009112337166248,-0.08728513356562134,0.3333333333333333,12.101026970498115,0.4125814840254816,-0.03231877995758735,-3.982862903225806,-4.569617162179185,-3.302733701149874,1,4
ZERO_FEE,60,0.0,0.05,0.95,0.1,REG_WEEKS_14_18_CONFIRMATION,dq2_outcome_hgb_l15_r10_surprise_ewm10,DQ2_EPA_HGB,0.6,0.0808722506529674,1,settle,78,78,55.84358923504571,0.07159434517313552,-1.0,0.48717948717948717,69.4091669568605,1.1396089730876144,0.0341372183638056,-18.355549713304303,-8.13186904121938,11.168717847009145,3,5
ZERO_FEE,60,0.0,0.05,0.95,0.1,REG_WEEKS_14_18_CONFIRMATION,dq2_outcome_hgb_l7_r5_surprise_ewm5,DQ2_EPA_HGB,0.7,0.1476416999738668,1,settle,78,78,46.84849498333136,0.06006217305555301,-1.0,0.44871794871794873,161.2186555582782,1.1089499883333287,0.015233396934444633,-19.398432843323143,-16.017221379178615,9.36969899666627,3,5
ZERO_FEE,60,0.0,0.05,0.95,0.1,REG_WEEKS_14_18_CONFIRMATION,dq2_outcome_hgb_l7_r5_surprise_ewm10,DQ2_EPA_HGB,0.6,0.0875126599862819,1,settle,78,78,101.00553059652931,0.1294942699955504,0.06954930221917177,0.5256410256410257,105.40639764075712,1.2729879205311603,0.04811098527685571,-5.086434071211549,-0.6329267018807115,20.20110611930586,4,5
ZERO_FEE,60,0.0,0.05,0.95,0.1,REG_WEEKS_14_18_CONFIRMATION,p11_cvw0.5_k3_c0.1_tnone,P11_V2_GRID,0.6,3.1930212085612006,1,settle,74,74,33.525960146659834,0.045305351549540254,-1.0,0.4594594594594595,67.46584299283231,1.0838149003666495,0.03156538964079122,-1.1872065180888676,-13.399677953520381,6.705192029331971,3,5
ZERO_FEE,60,0.0,0.05,0.95,0.1,REG_WEEKS_14_18_CONFIRMATION,p11_cvw0.5_k3_c0.1_tremaining_linear,P11_V2_GRID,0.6,0.15965106042806,1,settle,74,74,33.525960146659834,0.045305351549540254,-1.0,0.4594594594594595,67.46584299283231,1.0838149003666495,0.03156538964079122,-1.1872065180888676,-13.399677953520381,6.705192029331971,3,5
ZERO_FEE,60,0.0,0.05,0.95,0.1,REG_WEEKS_14_18_CONFIRMATION,p11_cvw0.5_k3_c0.1_telapsed_sqrt,P11_V2_GRID,0.6,3.1828501141215737,1,settle,74,74,42.57573390231594,0.05753477554367013,-1.0,0.4594594594594595,67.46584299283231,1.10643933475579,0.032497965236690234,-0.16680575377331053,-11.589723202389157,8.515146780463192,3,5
ZERO_FEE,60,0.0,0.05,0.95,0.1,REG_WEEKS_14_18_CONFIRMATION,p11_cvw0.5_k3_c0.1_tp11_cosine,P11_V2_GRID,0.6,0.3221907791020931,1,settle,73,73,43.52596014665986,0.05962460294062987,-1.0,0.4657534246575342,67.46584299283231,1.1116050260170764,0.03673075921233919,-1.1872065180888676,-11.39967795352038,8.705192029331972,3,5
ZERO_FEE,60,0.0,0.05,0.95,0.1,REG_WEEKS_14_18_CONFIRMATION,dq2_process_hgb_l15_r10_surprise_ewm5,DQ2_EPA_HGB,0.8,0.5176337005850116,-1,settle,77,77,13.094939481314405,0.017006414910797914,0.16279069767441867,0.5974025974025974,101.10150060026788,1.0422417402623048,0.0096901670532803,-18.857818980023062,-15.913694582276108,2.618987896262881,2,5
ZERO_FEE,60,0.0,0.05,0.95,0.1,REG_WEEKS_14_18_CONFIRMATION,dq2_process_hgb_l7_r5_surprise_ewm10,DQ2_EPA_HGB,0.6,0.2542854895101879,1,settle,78,78,133.36147927425264,0.17097625547981105,-0.4623655913978495,0.5,61.81818181818182,1.3419525109596222,0.08947912354359713,-38.120351253077345,4.537290394561003,26.67229585485054,2,5
ZERO_FEE,60,0.0,0.05,0.95,0.1,REG_WEEKS_14_18_CONFIRMATION,dq2_market_hgb_15m_l7_r5,DQ2_MARKET_HGB,0.8,0.0398489669697667,-1,30m,76,47,46.39509472247991,0.06104617726642094,0.0,0.4868421052631579,16.661627458691136,1.5874625808500293,0.023303164760886064,-0.577315537807678,4.075702203508955,9.279018944495983,3,5
ZERO_FEE,60,0.0,0.05,0.95,0.1,REG_WEEKS_14_18_CONFIRMATION,dq2_market_hgb_15m_l7_r5,DQ2_MARKET_HGB,0.85,0.0461950882524378,-1,30m,51,35,43.41352167993749,0.08512455231360293,0.03333333333333344,0.5490196078431373,28.299891372851086,1.656531722483333,0.02590262146605891,3.7804867885907694,3.8654121817701834,8.682704335987498,3,5
ZERO_FEE,60,0.0,0.05,0.95,0.1,REG_WEEKS_14_18_CONFIRMATION,dq2_market_hgb_15m_l15_r10,DQ2_MARKET_HGB,0.95,0.0855382209696666,-1,5m,29,20,6.111419505684372,0.02107386036442888,-0.038961038961038974,0.3448275862068966,15.892588994389621,1.2449091139462107,-0.008846637364289906,0.20768067904263054,-0.7996653630775704,1.222283901136874,3,5
ZERO_FEE,60,0.0,0.05,0.95,0.1,REG_WEEKS_14_18_CONFIRMATION,dq2_market_hgb_15m_l31_r20,DQ2_MARKET_HGB,0.7,0.0415017778949682,1,settle,69,69,4.584135770542488,0.006643675029771712,-1.0,0.43478260869565216,91.60411247367769,1.0117541942834423,0.0017127522370019384,9.487088107900654,-23.921522901632862,0.9168271541085005,3,5
ZERO_FEE,60,0.0,0.05,0.95,0.1,REG_WEEKS_14_18_CONFIRMATION,prior_sq_process_adjustment_ewm5,PRIOR_SQ_EPA,0.8,0.628218750930896,-1,30m,199,69,34.277640765558246,0.01722494510832072,-0.0842105263157894,0.4371859296482412,103.29469445614178,1.0786378647448815,0.011685746150651807,11.900210295424781,-17.114640261682588,6.855528153111642,3,5
ZERO_FEE,60,0.0,0.05,0.95,0.1,REG_WEEKS_14_18_CONFIRMATION,baseline_cumulative_epa,BASELINE,0.8,14.412759758532047,-1,30m,42,28,31.883107611816065,0.07591216098051438,-0.24814814814814817,0.3333333333333333,52.19674794982592,1.2256447328488445,0.020592452418735037,-17.620985603543744,-5.2230174805247644,6.3766215223632114,2,5
ZERO_FEE,60,0.0,0.05,0.95,0.1,REG_WEEKS_14_18_CONFIRMATION,baseline_cumulative_epa,BASELINE,0.7,10.731233805418007,1,settle,53,53,41.95462644885248,0.07915967254500472,0.13636363636363646,0.7547169811320755,52.37087096873671,1.3227278957604036,0.02108022665473382,-0.6727170364334896,-1.1865801175835031,8.390925289770498,4,5
ZERO_FEE,60,0.0,0.05,0.95,0.1,REG_WEEKS_14_18_CONFIRMATION,baseline_net_yards_007,BASELINE,0.9,7.385,-1,5m,32,14,9.64512700048327,0.0301410218765102,-0.010639501980758359,0.34375,9.012168308881519,1.5303031026463023,0.002391419214100148,-1.3428730057134042,0.9017126977303223,1.9290254000966542,2,5
ZERO_FEE,60,0.0,0.05,0.95,0.1,REG_WEEKS_14_18_CONFIRMATION,p11_v2_exact,P11_V2_EXACT,0.6,0.3359957097075061,-1,settle,66,66,-58.22421482737354,-0.08821850731420233,0.06954930221917177,0.6363636363636364,111.78670221404755,0.7573991048859434,-0.03336807598129561,-7.402026285873838,-29.15505676814309,-11.644842965474709,3,5
ZERO_FEE,60,0.0,0.05,0.95,0.1,REG_WEEKS_14_18_CONFIRMATION,baseline_current_dq_cumulative,BASELINE,0.8,6.122135242000772,1,15m,46,29,-72.75678467658045,-0.15816692320995748,-0.3111111111111111,0.34782608695652173,77.52261633947093,0.5776669074127658,-0.011047852133262691,-26.37521008403362,-26.255914646702216,-14.551356935316088,1,5
ZERO_FEE,60,0.0,0.05,0.95,0.1,REG_WEEKS_14_18_CONFIRMATION,p11_v2_exact,P11_V2_EXACT,0.9,0.7779313984309322,-1,15m,13,9,-6.218666961476744,-0.047835899703667265,-0.010526315789473717,0.46153846153846156,6.02547799582155,0.26561234496375113,-0.022536686701701374,-1.1467564693371157,-1.6875506276915317,-1.2437333922953488,0,5
ZERO_FEE,60,0.0,0.05,0.95,0.1,REG_WEEKS_14_18_CONFIRMATION,p11_v2_exact,P11_V2_EXACT,0.8,0.5741461803163885,-1,30m,40,29,-10.21930066463415,-0.02554825166158537,0.011108622620380815,0.525,27.085168548318904,0.7604825134643092,-0.005277345810588248,-3.021177832353968,-4.98138955832815,-2.0438601329268296,2,5
ZERO_FEE,60,0.0,0.05,0.95,0.1,REG_WEEKS_14_18_CONFIRMATION,p11_v2_exact,P11_V2_EXACT,0.9,0.7779313984309322,-1,5m,20,10,-4.388664165641526,-0.02194332082820763,-0.011052760136785578,0.25,4.281137283921096,0.4268619950173898,-0.0005399249142260532,-1.0783445784137624,-1.350389274725474,-0.8777328331283052,0,5
ZERO_FEE,60,0.0,0.05,0.95,0.1,REG_WEEKS_14_18_CONFIRMATION,baseline_net_yards_007,BASELINE,0.9,7.385,-1,30m,12,10,-8.1235465743609,-0.06769622145300751,-0.030792303338992688,0.5,11.919172253129426,0.5209141116472228,-0.03157998521212073,-0.6163912814373504,-2.743393004855996,-1.6247093148721803,3,5
ZERO_FEE,60,0.0,0.05,0.95,0.1,REG_WEEKS_14_18_CONFIRMATION,baseline_current_dq_cumulative,BASELINE,0.85,6.962058824045694,1,30m,14,12,-7.989369454075333,-0.05706692467196668,-0.521978021978022,0.2857142857142857,41.035906250612136,0.8757212907144905,0.005596421078175754,-2.000000000000001,-6.60440569234687,-1.5978738908150667,2,5
ZERO_FEE,60,0.0,0.05,0.95,0.1,REG_WEEKS_14_18_CONFIRMATION,tweak_process_outcome_agreement,DQ2_TWEAK_AGREEMENT,0.8,1.5641421815391412,1,settle,74,74,212.40254927254517,0.2870304719899259,-1.0,0.4594594594594595,68.06606292992507,1.5310063731813628,0.06518099664136169,5.221525550472929,23.770843817551622,42.48050985450904,3,5
ZERO_FEE,60,0.0,0.05,0.95,0.1,REG_WEEKS_14_18_CONFIRMATION,tweak_process_outcome_ensemble,DQ2_TWEAK_ENSEMBLE,0.85,1.5079970473606323,1,settle,74,74,184.36888191626826,0.24914713772468683,-1.0,0.4594594594594595,78.18021234640008,1.4609222047906707,0.05059394760612558,-25.987644312291888,17.152695404648735,36.87377638325365,2,5
ZERO_FEE,60,0.0,0.05,0.95,0.1,REG_WEEKS_14_18_CONFIRMATION,tweak_process_uncertainty_scaled,DQ2_TWEAK_PRICE_AWARE,0.6,0.4255413557822185,1,settle,76,76,53.76323169453032,0.07074109433490829,-1.0,0.4605263157894737,97.34177215189874,1.1311298334012934,0.021511874903732905,-84.92368615986052,-21.84973160683594,10.752646338906064,2,5
ZERO_FEE,60,0.0,0.05,0.95,0.1,REG_WEEKS_14_18_CONFIRMATION,tweak_outcome_epa_agreement,DQ2_TWEAK_AGREEMENT,0.8,1.3042297086372814,-1,settle,46,46,75.10118416185303,0.16326344383011526,-1.0,0.2608695652173913,142.35655737704917,1.2208858357701557,-0.014784356643597703,-37.79078844652615,-13.616280974299832,15.020236832370603,2,5
ZERO_FEE,60,0.0,0.05,0.95,0.1,REG_WEEKS_14_18_CONFIRMATION,tweak_process_epa_ensemble,DQ2_TWEAK_ENSEMBLE,0.8,0.9452602120503795,1,settle,74,74,118.18504612871861,0.15970952179556566,0.05823068309070545,0.5135135135135135,62.14149772263518,1.328291794801996,0.04081583773722777,-2.317429673401069,7.284993538866817,23.637009225743718,3,5
ZERO_FEE,60,0.0,0.05,0.95,0.1,REG_WEEKS_14_18_CONFIRMATION,tweak_outcome_remaining_time_scaled,DQ2_TWEAK_TIME_AWARE,0.9,0.1955260315222922,-1,settle,67,67,194.4942280289762,0.2902898925805616,0.07526881720430101,0.5970149253731343,57.39697443922796,1.7203489926999123,0.05769809121924819,-6.933467119364124,22.11620882526976,38.89884560579525,3,5
ZERO_FEE,60,0.0,0.05,0.95,0.1,REG_WEEKS_14_18_CONFIRMATION,tweak_market_uncertainty_scaled,DQ2_TWEAK_PRICE_AWARE,0.85,1.1654701584764322,-1,30m,77,50,7.5156387619628156,0.009760569820730935,0.0,0.4805194805194805,36.61479336628816,1.0617024813048577,0.008088760124938,-19.154760064279273,-6.21670220105171,1.5031277523925648,2,5
ZERO_FEE,60,0.0,0.05,0.95,0.1,REG_WEEKS_14_18_CONFIRMATION,tweak_process_outcome_epa_ensemble,DQ2_TWEAK_ENSEMBLE,0.6,0.5590538939184704,1,settle,78,78,63.8730420211607,0.08188851541174444,-1.0,0.44871794871794873,87.86981476955518,1.1485419581887457,0.014062737478764912,-12.248190820396932,-10.5751424753377,12.774608404232135,3,5
ZERO_FEE,60,0.0,0.05,0.95,0.1,REG_WEEKS_14_18_CONFIRMATION,tweak_outcome_epa_agreement,DQ2_TWEAK_AGREEMENT,0.85,1.5000079826371508,1,5m,74,35,3.0246502431251474,0.00408736519341236,-0.01316017316017315,0.3783783783783784,11.04022966554234,1.1059132611356823,0.013230840754437067,1.2967872894802677,-1.4755000887542788,0.6049300486250291,3,5
ZERO_FEE,60,0.0,0.05,0.95,0.1,REG_WEEKS_14_18_CONFIRMATION,tweak_outcome_epa_agreement,DQ2_TWEAK_AGREEMENT,0.7,1.1083703175196418,-1,30m,76,53,15.576627102646889,0.020495561977166926,-0.2,0.3026315789473684,75.79208959020404,1.0749009358251118,-0.0074057572621747435,-0.4172082128092631,-11.05547887260958,3.1153254205293686,3,5
ZERO_FEE,60,0.0,0.05,0.95,0.1,POSTSEASON_FINAL_AUDIT,dq2_outcome_hgb_l15_r10_surprise_ewm10,DQ2_EPA_HGB,0.6,0.0808722506529674,1,settle,12,12,3.57038829571421,0.02975323579761846,0.19552914544425581,0.5833333333333334,27.559115179252476,1.0714077659142844,0.08854605291127056,-6.630434782608696,-2.857402926071446,0.8925970739285538,2,4
ZERO_FEE,60,0.0,0.05,0.95,0.1,POSTSEASON_FINAL_AUDIT,dq2_outcome_hgb_l7_r5_surprise_ewm5,DQ2_EPA_HGB,0.7,0.1476416999738668,1,settle,12,12,-4.442679564552291,-0.0370223297046024,-0.4623655913978495,0.5,45.10297482837529,0.9259553405907953,0.029266295344394743,-6.630434782608696,-6.1106698911380715,-1.110669891138071,2,4
ZERO_FEE,60,0.0,0.05,0.95,0.1,POSTSEASON_FINAL_AUDIT,dq2_outcome_hgb_l7_r5_surprise_ewm10,DQ2_EPA_HGB,0.6,0.0875126599862819,1,settle,12,12,-31.214850663753424,-0.26012375553127853,-1.0,0.4166666666666667,45.10297482837529,0.5540735619463797,-0.060992602514387206,-13.055937917689068,-12.803712665938356,-7.803712665938356,1,4
ZERO_FEE,60,0.0,0.05,0.95,0.1,POSTSEASON_FINAL_AUDIT,p11_cvw0.5_k3_c0.1_tnone,P11_V2_GRID,0.6,3.1930212085612006,1,settle,12,12,-51.71113453896683,-0.4309261211580569,-1.0,0.3333333333333333,51.71113453896683,0.35361081826291463,-0.07695416448198372,-20.855567269483416,-19.177783634741708,-12.927783634741708,0,4
ZERO_FEE,60,0.0,0.05,0.95,0.1,POSTSEASON_FINAL_AUDIT,p11_cvw0.5_k3_c0.1_tremaining_linear,P11_V2_GRID,0.6,0.15965106042806,1,settle,12,12,-51.71113453896683,-0.4309261211580569,-1.0,0.3333333333333333,51.71113453896683,0.35361081826291463,-0.07695416448198372,-20.855567269483416,-19.177783634741708,-12.927783634741708,0,4
ZERO_FEE,60,0.0,0.05,0.95,0.1,POSTSEASON_FINAL_AUDIT,p11_cvw0.5_k3_c0.1_telapsed_sqrt,P11_V2_GRID,0.6,3.1828501141215737,1,settle,12,12,-51.30297127366071,-0.4275247606138392,-1.0,0.3333333333333333,51.71113453896683,0.3587128590792411,-0.0769243260995127,-20.651485636830355,-19.07574281841518,-12.825742818415177,0,4
ZERO_FEE,60,0.0,0.05,0.95,0.1,POSTSEASON_FINAL_AUDIT,p11_cvw0.5_k3_c0.1_tp11_cosine,P11_V2_GRID,0.6,0.3221907791020931,1,settle,12,12,-51.71113453896683,-0.4309261211580569,-1.0,0.3333333333333333,51.71113453896683,0.35361081826291463,-0.07675002938118712,-20.855567269483416,-19.177783634741708,-12.927783634741708,0,4
ZERO_FEE,60,0.0,0.05,0.95,0.1,POSTSEASON_FINAL_AUDIT,dq2_process_hgb_l15_r10_surprise_ewm5,DQ2_EPA_HGB,0.8,0.5176337005850116,-1,settle,12,12,35.00786441289873,0.2917322034408228,0.4389233954451347,0.75,10.0,2.1669288137632914,0.17744049016316274,9.460181525398916,7.501966103224683,8.751966103224683,3,4
ZERO_FEE,60,0.0,0.05,0.95,0.1,POSTSEASON_FINAL_AUDIT,dq2_process_hgb_l7_r5_surprise_ewm10,DQ2_EPA_HGB,0.6,0.2542854895101879,1,settle,12,12,-0.6926089363745476,-0.005771741136454567,-0.4623655913978495,0.5,28.26086956521739,0.9884565177270909,0.05518941208094269,-6.630434782608696,-6.423152234093637,-0.1731522340936369,2,4
ZERO_FEE,60,0.0,0.05,0.95,0.1,POSTSEASON_FINAL_AUDIT,dq2_market_hgb_15m_l7_r5,DQ2_MARKET_HGB,0.8,0.0398489669697667,-1,30m,7,6,-1.7164085622950784,-0.024520122318501123,-0.023255813953488413,0.42857142857142855,2.291666666666666,0.7898188601590885,0.0046650189139693975,0.07602862254025067,-0.7155604739071029,-0.4291021405737696,2,4
ZERO_FEE,60,0.0,0.05,0.95,0.1,POSTSEASON_FINAL_AUDIT,dq2_market_hgb_15m_l7_r5,DQ2_MARKET_HGB,0.85,0.0461950882524378,-1,30m,4,4,-6.818162393162391,-0.17045405982905978,-0.17013888888888884,0.25,3.402777777777777,0.053398202260524025,-0.06656351799747709,0.0,-2.12988782051282,-1.7045405982905977,1,4
ZERO_FEE,60,0.0,0.05,0.95,0.1,POSTSEASON_FINAL_AUDIT,dq2_market_hgb_15m_l15_r10,DQ2_MARKET_HGB,0.95,0.0855382209696666,-1,5m,0,0,0.0,,,,0.0,,,0.0,0.0,0.0,0,4
ZERO_FEE,60,0.0,0.05,0.95,0.1,POSTSEASON_FINAL_AUDIT,dq2_market_hgb_15m_l31_r20,DQ2_MARKET_HGB,0.7,0.0415017778949682,1,settle,12,12,19.195465204679763,0.1599622100389981,0.47425249169435213,0.5833333333333334,39.14132379248659,1.3839093040935952,0.11097871843519025,-7.884615384615385,1.0488663011699417,4.798866301169942,1,4
ZERO_FEE,60,0.0,0.05,0.95,0.1,POSTSEASON_FINAL_AUDIT,prior_sq_process_adjustment_ewm5,PRIOR_SQ_EPA,0.8,0.628218750930896,-1,30m,36,12,-7.22463387668806,-0.02006842743524462,0.0,0.4722222222222222,29.20542367512492,0.8599736029859879,0.0016492704682024195,-1.6164296487825904,-6.103604622006018,-1.8061584691720163,2,4
ZERO_FEE,60,0.0,0.05,0.95,0.1,POSTSEASON_FINAL_AUDIT,baseline_cumulative_epa,BASELINE,0.8,14.412759758532047,-1,30m,8,5,-15.695767195767196,-0.19619708994708995,-0.09722222222222221,0.5,12.981481481481481,0.3853724230809074,-0.019906200432767068,-1.321428571428572,-6.171626984126984,-3.9239417989417995,1,4
ZERO_FEE,60,0.0,0.05,0.95,0.1,POSTSEASON_FINAL_AUDIT,baseline_cumulative_epa,BASELINE,0.7,10.731233805418007,1,settle,9,9,6.7789941501856905,0.07532215722428545,0.2987012987012987,0.7777777777777778,10.0,1.3389497075092842,0.045919662371095064,2.824675324675326,1.6947485375464226,1.6947485375464226,3,4
ZERO_FEE,60,0.0,0.05,0.95,0.1,POSTSEASON_FINAL_AUDIT,baseline_net_yards_007,BASELINE,0.9,7.385,-1,5m,9,3,-1.2624344552106281,-0.014027049502340313,0.0,0.3333333333333333,2.535965166655614,0.5240127444246205,0.00026190166957747635,0.0,-0.41636991258630823,-0.31560861380265703,1,4
ZERO_FEE,60,0.0,0.05,0.95,0.1,POSTSEASON_FINAL_AUDIT,p11_v2_exact,P11_V2_EXACT,0.6,0.3359957097075061,-1,settle,10,10,5.388327639648171,0.053883276396481695,0.17054580100721373,0.7,20.0,1.1796109213216057,0.030393758325540848,-0.9646992081691994,0.09708190991204291,1.3470819099120428,2,4
ZERO_FEE,60,0.0,0.05,0.95,0.1,POSTSEASON_FINAL_AUDIT,baseline_current_dq_cumulative,BASELINE,0.8,6.122135242000772,1,15m,7,3,-27.088980463980462,-0.3869854351997209,-0.2857142857142857,0.0,24.86675824175824,0.0,-0.02123928036719776,-5.111111111111111,-8.880589896214897,-6.772245115995116,0,4
ZERO_FEE,60,0.0,0.05,0.95,0.1,POSTSEASON_FINAL_AUDIT,p11_v2_exact,P11_V2_EXACT,0.9,0.7779313984309322,-1,15m,9,2,-6.691633486949787,-0.07435148318833096,-0.01098901098901095,0.2222222222222222,7.46182603508682,0.10321770361778111,-0.05348270302028256,0.0,-2.5639699594566325,-1.6729083717374464,1,4
ZERO_FEE,60,0.0,0.05,0.95,0.1,POSTSEASON_FINAL_AUDIT,p11_v2_exact,P11_V2_EXACT,0.8,0.5741461803163885,-1,30m,8,3,-11.323982541899472,-0.1415497817737434,-0.0543478260869566,0.25,12.156306482568434,0.10063518256286139,-0.10593802649372414,-1.5719950705480636,-3.921429468183982,-2.830995635474868,0,4
ZERO_FEE,60,0.0,0.05,0.95,0.1,POSTSEASON_FINAL_AUDIT,p11_v2_exact,P11_V2_EXACT,0.9,0.7779313984309322,-1,5m,14,2,-1.0909193239343806,-0.007792280885245576,0.0,0.2857142857142857,1.6512278793341006,0.4531128741409448,0.0027944092902233353,0.0,-0.49366819962128794,-0.27272983098359516,1,4
ZERO_FEE,60,0.0,0.05,0.95,0.1,POSTSEASON_FINAL_AUDIT,baseline_net_yards_007,BASELINE,0.9,7.385,-1,30m,3,2,-1.9838725347323423,-0.06612908449107809,-0.033333333333333326,0.3333333333333333,0.33333333333333304,0.16927708392661,-0.032698210353026926,0.0,-0.4959681336830856,-0.4959681336830856,1,4
ZERO_FEE,60,0.0,0.05,0.95,0.1,POSTSEASON_FINAL_AUDIT,baseline_current_dq_cumulative,BASELINE,0.85,6.962058824045694,1,30m,4,2,-9.70405982905983,-0.24260149572649575,-0.1581196581196581,0.5,15.259615384615385,0.3640691731428971,-0.015816467748406712,0.0,-4.333466880341881,-2.4260149572649574,1,4
ZERO_FEE,60,0.0,0.05,0.95,0.1,POSTSEASON_FINAL_AUDIT,tweak_process_outcome_agreement,DQ2_TWEAK_AGREEMENT,0.8,1.5641421815391412,1,settle,12,12,14.664358047454456,0.12220298372878713,-1.0,0.4166666666666667,40.0,1.2094908292493494,0.030335330009891904,6.627906976744187,-0.08391048813638502,3.666089511863615,2,4
ZERO_FEE,60,0.0,0.05,0.95,0.1,POSTSEASON_FINAL_AUDIT,tweak_process_outcome_ensemble,DQ2_TWEAK_ENSEMBLE,0.85,1.5079970473606323,1,settle,12,12,-6.85232547125131,-0.05710271226042759,-1.0,0.3333333333333333,48.26086956521739,0.9143459316093587,-0.03978056740081323,-6.630434782608696,-6.713081367812826,-1.7130813678128267,2,4
ZERO_FEE,60,0.0,0.05,0.95,0.1,POSTSEASON_FINAL_AUDIT,tweak_process_uncertainty_scaled,DQ2_TWEAK_PRICE_AWARE,0.6,0.4255413557822185,1,settle,12,12,-39.542159295479976,-0.3295179941289998,-1.0,0.4166666666666667,41.30686517783292,0.43511201006457184,-0.07374658464542398,-16.666666666666664,-17.385539823869994,-9.885539823869994,0,4
ZERO_FEE,60,0.0,0.05,0.95,0.1,POSTSEASON_FINAL_AUDIT,tweak_outcome_epa_agreement,DQ2_TWEAK_AGREEMENT,0.8,1.3042297086372814,-1,settle,7,7,-16.00280504908836,-0.22861150070126227,-1.0,0.2857142857142857,38.26086956521739,0.6799438990182328,-0.05628644515575217,-11.370967741935482,-9.00070126227209,-4.00070126227209,1,4
ZERO_FEE,60,0.0,0.05,0.95,0.1,POSTSEASON_FINAL_AUDIT,tweak_process_epa_ensemble,DQ2_TWEAK_ENSEMBLE,0.8,0.9452602120503795,1,settle,12,12,-37.904601208073274,-0.31587167673394395,-1.0,0.3333333333333333,45.07462686567165,0.5261924848990841,-0.1250084967212579,-7.537313432835822,-14.476150302018318,-9.476150302018318,1,4
ZERO_FEE,60,0.0,0.05,0.95,0.1,POSTSEASON_FINAL_AUDIT,tweak_outcome_remaining_time_scaled,DQ2_TWEAK_TIME_AWARE,0.9,0.1955260315222922,-1,settle,11,11,24.490895032877287,0.22264450029888447,0.33333333333333326,0.6363636363636364,20.0,1.6122723758219322,0.055721555114440637,9.079378221337091,2.3727237582193217,6.122723758219322,3,4
ZERO_FEE,60,0.0,0.05,0.95,0.1,POSTSEASON_FINAL_AUDIT,tweak_market_uncertainty_scaled,DQ2_TWEAK_PRICE_AWARE,0.85,1.1654701584764322,-1,30m,12,8,-21.808868656773143,-0.18174057213977624,-0.2355510752688172,0.4166666666666667,19.529291091481298,0.22368828625582604,-0.06313482536163433,-3.402407754846778,-7.589211883961781,-5.452217164193285,2,4
ZERO_FEE,60,0.0,0.05,0.95,0.1,POSTSEASON_FINAL_AUDIT,tweak_process_outcome_epa_ensemble,DQ2_TWEAK_ENSEMBLE,0.6,0.5590538939184704,1,settle,12,12,-1.6229702811030151,-0.013524752342525112,-0.4623655913978495,0.5,48.26086956521739,0.9729504953149498,0.04971168667931544,-6.630434782608696,-5.405742570275752,-0.40574257027575245,2,4
ZERO_FEE,60,0.0,0.05,0.95,0.1,POSTSEASON_FINAL_AUDIT,tweak_outcome_epa_agreement,DQ2_TWEAK_AGREEMENT,0.85,1.5000079826371508,1,5m,13,5,-6.6765909886936345,-0.051358392220720264,-0.05084745762711851,0.23076923076923078,6.819448131550777,0.20203927544465095,-0.023885112300336558,-1.8616600790513824,-2.296199975738468,-1.6691477471734086,0,4
ZERO_FEE,60,0.0,0.05,0.95,0.1,POSTSEASON_FINAL_AUDIT,tweak_outcome_epa_agreement,DQ2_TWEAK_AGREEMENT,0.7,1.1083703175196418,-1,30m,12,7,-12.9109348045995,-0.10759112337166248,-0.08478513356562134,0.3333333333333333,11.851026970498117,0.4207698104934296,-0.03231877995758735,-3.951612903225806,-4.472742162179186,-3.227733701149875,1,4
FEE_50BPS,60,50.0,0.05,0.95,0.1,REG_WEEKS_14_18_CONFIRMATION,dq2_outcome_hgb_l15_r10_surprise_ewm10,DQ2_EPA_HGB,0.6,0.0808722506529674,1,settle,78,78,51.94358923504577,0.0665943451731356,-1.005,0.48717948717948717,70.50916695686047,1.1292129085448899,0.0341372183638056,-19.405549713304282,-9.116869041219365,10.388717847009152,3,5
FEE_50BPS,60,50.0,0.05,0.95,0.1,REG_WEEKS_14_18_CONFIRMATION,dq2_outcome_hgb_l7_r5_surprise_ewm5,DQ2_EPA_HGB,0.7,0.1476416999738668,1,settle,78,78,42.948494983331436,0.05506217305555309,-1.005,0.44871794871794873,162.46865555827816,1.0993833043696202,0.015233396934444633,-20.423432843323123,-16.977221379178598,8.589698996666282,3,5
FEE_50BPS,60,50.0,0.05,0.95,0.1,REG_WEEKS_14_18_CONFIRMATION,dq2_outcome_hgb_l7_r5_surprise_ewm10,DQ2_EPA_HGB,0.6,0.0875126599862819,1,settle,78,78,97.10553059652936,0.12449426999555048,0.06454930221917177,0.5256410256410257,106.20639764075709,1.2611416716324573,0.04811098527685571,-6.061434071211529,-1.5529267018806991,19.421106119305875,4,5
FEE_50BPS,60,50.0,0.05,0.95,0.1,REG_WEEKS_14_18_CONFIRMATION,p11_cvw0.5_k3_c0.1_tnone,P11_V2_GRID,0.6,3.1930212085612006,1,settle,74,74,29.825960146659895,0.040305351549540375,-1.005,0.4594594594594595,68.26584299283229,1.0741939307130843,0.03156538964079122,-2.0622065180888605,-14.299677953520376,5.965192029331975,3,5
FEE_50BPS,60,50.0,0.05,0.95,0.1,REG_WEEKS_14_18_CONFIRMATION,p11_cvw0.5_k3_c0.1_tremaining_linear,P11_V2_GRID,0.6,0.15965106042806,1,settle,74,74,29.825960146659895,0.040305351549540375,-1.005,0.4594594594594595,68.26584299283229,1.0741939307130843,0.03156538964079122,-2.0622065180888605,-14.299677953520376,5.965192029331975,3,5
FEE_50BPS,60,50.0,0.05,0.95,0.1,REG_WEEKS_14_18_CONFIRMATION,p11_cvw0.5_k3_c0.1_telapsed_sqrt,P11_V2_GRID,0.6,3.1828501141215737,1,settle,74,74,38.875733902316,0.052534775543670253,-1.005,0.4594594594594595,68.26584299283228,1.0967058057271544,0.032497965236690234,-1.0918057537732793,-12.489723202389152,7.7751467804631975,3,5
FEE_50BPS,60,50.0,0.05,0.95,0.1,REG_WEEKS_14_18_CONFIRMATION,p11_cvw0.5_k3_c0.1_tp11_cosine,P11_V2_GRID,0.6,0.3221907791020931,1,settle,73,73,39.875960146659885,0.054624602940629964,-1.005,0.4657534246575342,68.26584299283229,1.1017373648339324,0.03673075921233919,-2.0622065180888605,-12.289677953520371,7.9751920293319785,3,5
FEE_50BPS,60,50.0,0.05,0.95,0.1,REG_WEEKS_14_18_CONFIRMATION,dq2_process_hgb_l15_r10_surprise_ewm5,DQ2_EPA_HGB,0.8,0.5176337005850116,-1,settle,77,77,9.244939481314432,0.012006414910797975,0.15779069767441867,0.5974025974025974,102.20150060026788,1.0296740153468604,0.0096901670532803,-19.75781898002306,-16.8286945822761,1.8489878962628865,2,5
FEE_50BPS,60,50.0,0.05,0.95,0.1,REG_WEEKS_14_18_CONFIRMATION,dq2_process_hgb_l7_r5_surprise_ewm10,DQ2_EPA_HGB,0.6,0.2542854895101879,1,settle,78,78,129.4614792742527,0.16597625547981115,-0.46736559139784944,0.5,62.218181818181804,1.3303010059299722,0.08947912354359713,-39.220351253077325,3.5472903945610157,25.892295854850538,2,5
FEE_50BPS,60,50.0,0.05,0.95,0.1,REG_WEEKS_14_18_CONFIRMATION,dq2_market_hgb_15m_l7_r5,DQ2_MARKET_HGB,0.8,0.0398489669697667,-1,30m,76,47,42.59509472247993,0.05604617726642095,-0.005,0.4868421052631579,17.646739121222137,1.5263501021789405,0.023303164760886064,-1.724843010335153,3.19268554275036,8.519018944495983,3,5
FEE_50BPS,60,50.0,0.05,0.95,0.1,REG_WEEKS_14_18_CONFIRMATION,dq2_market_hgb_15m_l7_r5,DQ2_MARKET_HGB,0.85,0.0461950882524378,-1,30m,51,35,40.8635216799375,0.08012455231360291,0.028333333333333436,0.5490196078431373,29.185003035382117,1.6074052352519306,0.02590262146605891,2.9304867885907706,3.246901015517081,8.172704335987499,3,5
FEE_50BPS,60,50.0,0.05,0.95,0.1,REG_WEEKS_14_18_CONFIRMATION,dq2_market_hgb_15m_l15_r10,DQ2_MARKET_HGB,0.95,0.0855382209696666,-1,5m,29,20,4.661419505684365,0.016073860364428864,-0.04396103896103897,0.3448275862068966,16.392588994389627,1.1799510018025907,-0.008846637364289906,-0.06731932095736967,-1.1646653630775716,0.9322839011368735,3,5
FEE_50BPS,60,50.0,0.05,0.95,0.1,REG_WEEKS_14_18_CONFIRMATION,dq2_market_hgb_15m_l31_r20,DQ2_MARKET_HGB,0.7,0.0415017778949682,1,settle,69,69,1.13413577054256,0.0016436750297717927,-1.005,0.43478260869565216,92.30411247367766,1.0028935725744161,0.0017127522370019384,8.662088107900669,-24.76152290163284,0.22682715410851131,3,5
FEE_50BPS,60,50.0,0.05,0.95,0.1,REG_WEEKS_14_18_CONFIRMATION,prior_sq_process_adjustment_ewm5,PRIOR_SQ_EPA,0.8,0.628218750930896,-1,30m,199,69,24.327640765558208,0.01222494510832072,-0.0892105263157894,0.4371859296482412,106.74469445614177,1.0551032034770167,0.011685746150651807,9.800210295424773,-19.64964026168258,4.8655281531116445,3,5
FEE_50BPS,60,50.0,0.05,0.95,0.1,REG_WEEKS_14_18_CONFIRMATION,baseline_cumulative_epa,BASELINE,0.8,14.412759758532047,-1,30m,42,28,29.78310761181605,0.07091216098051434,-0.2531481481481482,0.3333333333333333,52.99674794982592,1.2087145322431767,0.020592452418735037,-18.07098560354374,-5.743017480524761,5.956621522363212,2,5
FEE_50BPS,60,50.0,0.05,0.95,0.1,REG_WEEKS_14_18_CONFIRMATION,baseline_cumulative_epa,BASELINE,0.7,10.731233805418007,1,settle,53,53,39.30462644885252,0.07415967254500475,0.13136363636363646,0.7547169811320755,54.31190473111957,1.3008390849510334,0.02108022665473382,-1.4682339176249322,-1.7956834938217896,7.860925289770501,4,5
FEE_50BPS,60,50.0,0.05,0.95,0.1,REG_WEEKS_14_18_CONFIRMATION,baseline_net_yards_007,BASELINE,0.9,7.385,-1,5m,32,14,8.045127000483266,0.02514102187651021,-0.01563950198075836,0.34375,10.01216830888152,1.4181904236434495,0.002391419214100148,-1.9678730057134048,0.48171269773032144,1.6090254000966535,1,5
FEE_50BPS,60,50.0,0.05,0.95,0.1,REG_WEEKS_14_18_CONFIRMATION,p11_v2_exact,P11_V2_EXACT,0.6,0.3359957097075061,-1,settle,66,66,-61.52421482737352,-0.09321850731420228,0.06454930221917177,0.6363636363636364,113.18670221404754,0.7449244824735758,-0.03336807598129561,-8.00202628587383,-29.96505676814308,-12.304842965474702,3,5
FEE_50BPS,60,50.0,0.05,0.95,0.1,REG_WEEKS_14_18_CONFIRMATION,baseline_current_dq_cumulative,BASELINE,0.8,6.122135242000772,1,15m,46,29,-75.05678467658045,-0.16316692320995746,-0.3161111111111111,0.34782608695652173,79.37261633947091,0.5680768334966614,-0.011047852133262691,-26.700210084033618,-26.850914646702215,-15.011356935316092,1,5
FEE_50BPS,60,50.0,0.05,0.95,0.1,REG_WEEKS_14_18_CONFIRMATION,p11_v2_exact,P11_V2_EXACT,0.9,0.7779313984309322,-1,15m,13,9,-6.868666961476745,-0.05283589970366727,-0.015526315789473718,0.46153846153846156,6.496086316315454,0.22104758311016562,-0.022536686701701374,-1.2717564693371155,-1.8325506276915313,-1.373733392295349,0,5
FEE_50BPS,60,50.0,0.05,0.95,0.1,REG_WEEKS_14_18_CONFIRMATION,p11_v2_exact,P11_V2_EXACT,0.8,0.5741461803163885,-1,30m,40,29,-12.219300664634147,-0.030548251661585375,0.006108622620380815,0.525,28.1351685483189,0.7198448962032666,-0.005277345810588248,-3.2211778323539675,-5.4163895583281505,-2.4438601329268295,2,5
FEE_50BPS,60,50.0,0.05,0.95,0.1,REG_WEEKS_14_18_CONFIRMATION,p11_v2_exact,P11_V2_EXACT,0.9,0.7779313984309322,-1,5m,20,10,-5.388664165641527,-0.026943320828207634,-0.01605276013678558,0.25,5.231137283921097,0.3590459885528594,-0.0005399249142260532,-1.431726139029511,-1.6053892747254743,-1.0777328331283054,0,5
FEE_50BPS,60,50.0,0.05,0.95,0.1,REG_WEEKS_14_18_CONFIRMATION,baseline_net_yards_007,BASELINE,0.9,7.385,-1,30m,12,10,-8.723546574360899,-0.0726962214530075,-0.03579230333899269,0.5,12.319172253129425,0.4944731602096514,-0.03157998521212073,-0.8413912814373501,-2.8733930048559957,-1.7447093148721797,3,5
FEE_50BPS,60,50.0,0.05,0.95,0.1,REG_WEEKS_14_18_CONFIRMATION,baseline_current_dq_cumulative,BASELINE,0.85,6.962058824045694,1,30m,14,12,-8.68936945407534,-0.062066924671966686,-0.526978021978022,0.2857142857142857,41.435906250612135,0.8658756208416358,0.005596421078175754,-2.0500000000000007,-6.784405692346868,-1.7378738908150673,2,5
FEE_50BPS,60,50.0,0.05,0.95,0.1,REG_WEEKS_14_18_CONFIRMATION,tweak_process_outcome_agreement,DQ2_TWEAK_AGREEMENT,0.8,1.5641421815391412,1,settle,74,74,208.70254927254524,0.282030471989926,-1.005,0.4594594594594595,69.11606292992522,1.5191605703297144,0.06518099664136169,4.246525550472935,22.875843817551633,41.74050985450905,3,5
FEE_50BPS,60,50.0,0.05,0.95,0.1,REG_WEEKS_14_18_CONFIRMATION,tweak_process_outcome_ensemble,DQ2_TWEAK_ENSEMBLE,0.85,1.5079970473606323,1,settle,74,74,180.66888191626833,0.2441471377246869,-1.005,0.4594594594594595,79.58021234640026,1.4494250793937025,0.05059394760612558,-27.012644312291876,16.22269540464875,36.13377638325366,2,5
FEE_50BPS,60,50.0,0.05,0.95,0.1,REG_WEEKS_14_18_CONFIRMATION,tweak_process_uncertainty_scaled,DQ2_TWEAK_PRICE_AWARE,0.6,0.4255413557822185,1,settle,76,76,49.96323169453035,0.06574109433490834,-1.005,0.4605263157894737,97.8917721518987,1.1212552643963847,0.021511874903732905,-86.04868615986051,-22.814731606835927,9.992646338906072,2,5
FEE_50BPS,60,50.0,0.05,0.95,0.1,REG_WEEKS_14_18_CONFIRMATION,tweak_outcome_epa_agreement,DQ2_TWEAK_AGREEMENT,0.8,1.3042297086372814,-1,settle,46,46,72.80118416185307,0.1582634438301154,-1.005,0.2608695652173913,143.50655737704923,1.2130558506346298,-0.014784356643597703,-38.34078844652613,-14.23628097429982,14.560236832370611,2,5
FEE_50BPS,60,50.0,0.05,0.95,0.1,REG_WEEKS_14_18_CONFIRMATION,tweak_process_epa_ensemble,DQ2_TWEAK_ENSEMBLE,0.8,0.9452602120503795,1,settle,74,74,114.48504612871865,0.1547095217955657,0.05323068309070545,0.5135135135135135,63.09149772263516,1.3164318577355405,0.04081583773722777,-3.292429673401063,6.394993538866825,22.897009225743727,3,5
FEE_50BPS,60,50.0,0.05,0.95,0.1,REG_WEEKS_14_18_CONFIRMATION,tweak_outcome_remaining_time_scaled,DQ2_TWEAK_TIME_AWARE,0.9,0.1955260315222922,-1,settle,67,67,191.14422802897627,0.2852898925805616,0.070268817204301,0.5970149253731343,57.846974439228035,1.7044194878532382,0.05769809121924819,-7.608467119364116,21.31620882526976,38.22884560579526,3,5
FEE_50BPS,60,50.0,0.05,0.95,0.1,REG_WEEKS_14_18_CONFIRMATION,tweak_market_uncertainty_scaled,DQ2_TWEAK_PRICE_AWARE,0.85,1.1654701584764322,-1,30m,77,50,3.6656387619628195,0.004760569820730935,-0.005,0.4805194805194805,37.46479336628816,1.0296082880705109,0.008088760124938,-19.904760064279277,-7.156702201051713,0.7331277523925621,2,5
FEE_50BPS,60,50.0,0.05,0.95,0.1,REG_WEEKS_14_18_CONFIRMATION,tweak_process_outcome_epa_ensemble,DQ2_TWEAK_ENSEMBLE,0.6,0.5590538939184704,1,settle,78,78,59.97304202116078,0.07688851541174455,-1.005,0.44871794871794873,89.66981476955515,1.1387782992506321,0.014062737478764912,-13.07319082039692,-11.56014247533768,11.994608404232146,3,5
FEE_50BPS,60,50.0,0.05,0.95,0.1,REG_WEEKS_14_18_CONFIRMATION,tweak_outcome_epa_agreement,DQ2_TWEAK_AGREEMENT,0.85,1.5000079826371508,1,5m,74,35,-0.6753497568748537,-0.0009126348065876443,-0.01816017316017315,0.3783783783783784,12.990229665542339,0.9781141348181828,0.013230840754437067,0.6467872894802669,-2.385500088754278,-0.1350699513749707,3,5
FEE_50BPS,60,50.0,0.05,0.95,0.1,REG_WEEKS_14_18_CONFIRMATION,tweak_outcome_epa_agreement,DQ2_TWEAK_AGREEMENT,0.7,1.1083703175196418,-1,30m,76,53,11.776627102646884,0.01549556197716689,-0.20500000000000002,0.3026315789473684,76.74208959020403,1.055915941924472,-0.0074057572621747435,-1.1922082128092653,-12.080478872609575,2.355325420529374,3,5
FEE_50BPS,60,50.0,0.05,0.95,0.1,POSTSEASON_FINAL_AUDIT,dq2_outcome_hgb_l15_r10_surprise_ewm10,DQ2_EPA_HGB,0.6,0.0808722506529674,1,settle,12,12,2.970388295714219,0.024753235797618494,0.1905291454442558,0.5833333333333334,27.959115179252475,1.0591122048898354,0.08854605291127056,-6.717934782608694,-3.026152926071444,0.7425970739285557,2,4
FEE_50BPS,60,50.0,0.05,0.95,0.1,POSTSEASON_FINAL_AUDIT,dq2_outcome_hgb_l7_r5_surprise_ewm5,DQ2_EPA_HGB,0.7,0.1476416999738668,1,settle,12,12,-5.042679564552278,-0.04202232970460229,-0.46736559139784944,0.5,45.50297482837527,0.916373473224672,0.029266295344394743,-6.717934782608694,-6.285669891138069,-1.2606698911380692,2,4
FEE_50BPS,60,50.0,0.05,0.95,0.1,POSTSEASON_FINAL_AUDIT,dq2_outcome_hgb_l7_r5_surprise_ewm10,DQ2_EPA_HGB,0.6,0.0875126599862819,1,settle,12,12,-31.81485066375341,-0.2651237555312784,-1.005,0.4166666666666667,45.50297482837527,0.5477633167909961,-0.060992602514387206,-13.255937917689064,-12.978712665938353,-7.953712665938353,1,4
FEE_50BPS,60,50.0,0.05,0.95,0.1,POSTSEASON_FINAL_AUDIT,p11_cvw0.5_k3_c0.1_tnone,P11_V2_GRID,0.6,3.1930212085612006,1,settle,12,12,-52.31113453896682,-0.4359261211580568,-1.005,0.3333333333333333,52.21113453896682,0.34936399827155684,-0.07695416448198372,-21.13056726948341,-19.359033634741703,-13.077783634741706,0,4
FEE_50BPS,60,50.0,0.05,0.95,0.1,POSTSEASON_FINAL_AUDIT,p11_cvw0.5_k3_c0.1_tremaining_linear,P11_V2_GRID,0.6,0.15965106042806,1,settle,12,12,-52.31113453896682,-0.4359261211580568,-1.005,0.3333333333333333,52.21113453896682,0.34936399827155684,-0.07695416448198372,-21.13056726948341,-19.359033634741703,-13.077783634741706,0,4
FEE_50BPS,60,50.0,0.05,0.95,0.1,POSTSEASON_FINAL_AUDIT,p11_cvw0.5_k3_c0.1_telapsed_sqrt,P11_V2_GRID,0.6,3.1828501141215737,1,settle,12,12,-51.9029712736607,-0.43252476061383915,-1.005,0.3333333333333333,52.211134538966824,0.35444065580024003,-0.0769243260995127,-20.92648563683035,-19.256992818415174,-12.975742818415174,0,4
FEE_50BPS,60,50.0,0.05,0.95,0.1,POSTSEASON_FINAL_AUDIT,p11_cvw0.5_k3_c0.1_tp11_cosine,P11_V2_GRID,0.6,0.3221907791020931,1,settle,12,12,-52.31113453896682,-0.4359261211580568,-1.005,0.3333333333333333,52.21113453896682,0.34936399827155684,-0.07675002938118712,-21.13056726948341,-19.359033634741703,-13.077783634741706,0,4
FEE_50BPS,60,50.0,0.05,0.95,0.1,POSTSEASON_FINAL_AUDIT,dq2_process_hgb_l15_r10_surprise_ewm5,DQ2_EPA_HGB,0.8,0.5176337005850116,-1,settle,12,12,34.407864412898746,0.2867322034408229,0.4339233954451347,0.75,10.049999999999999,2.1412227002619812,0.17744049016316274,9.27268152539892,7.345716103224686,8.601966103224685,3,4
FEE_50BPS,60,50.0,0.05,0.95,0.1,POSTSEASON_FINAL_AUDIT,dq2_process_hgb_l7_r5_surprise_ewm10,DQ2_EPA_HGB,0.6,0.2542854895101879,1,settle,12,12,-1.2926089363745383,-0.01077174113645448,-0.46736559139784944,0.5,28.51086956521739,0.9785636992309366,0.05518941208094269,-6.717934782608694,-6.6044022340936355,-0.32315223409363547,2,4
FEE_50BPS,60,50.0,0.05,0.95,0.1,POSTSEASON_FINAL_AUDIT,dq2_market_hgb_15m_l7_r5,DQ2_MARKET_HGB,0.8,0.0398489669697667,-1,30m,7,6,-2.0664085622950785,-0.029520122318501128,-0.028255813953488414,0.42857142857142855,2.3416666666666663,0.7530089603011215,0.0046650189139693975,0.02602862254025068,-0.809310473907103,-0.5166021405737696,2,4
FEE_50BPS,60,50.0,0.05,0.95,0.1,POSTSEASON_FINAL_AUDIT,dq2_market_hgb_15m_l7_r5,DQ2_MARKET_HGB,0.85,0.0461950882524378,-1,30m,4,4,-7.018162393162392,-0.1754540598290598,-0.17513888888888884,0.25,3.502777777777777,0.04550870361221715,-0.06656351799747709,0.0,-2.19238782051282,-1.754540598290598,1,4
FEE_50BPS,60,50.0,0.05,0.95,0.1,POSTSEASON_FINAL_AUDIT,dq2_market_hgb_15m_l15_r10,DQ2_MARKET_HGB,0.95,0.0855382209696666,-1,5m,0,0,0.0,,,,0.0,,,0.0,0.0,0.0,0,4
FEE_50BPS,60,50.0,0.05,0.95,0.1,POSTSEASON_FINAL_AUDIT,dq2_market_hgb_15m_l31_r20,DQ2_MARKET_HGB,0.7,0.0415017778949682,1,settle,12,12,18.595465204679783,0.15496221003899813,0.4692524916943521,0.5833333333333334,39.49132379248657,1.3700590090483538,0.11097871843519025,-7.972115384615384,0.8801163011699438,4.648866301169944,1,4
FEE_50BPS,60,50.0,0.05,0.95,0.1,POSTSEASON_FINAL_AUDIT,prior_sq_process_adjustment_ewm5,PRIOR_SQ_EPA,0.8,0.628218750930896,-1,30m,36,12,-9.02463387668806,-0.025068427435244612,-0.005,0.4722222222222222,30.30542367512492,0.828248771239696,0.0016492704682024195,-1.9289296487825907,-6.709854622006017,-2.2561584691720165,2,4
FEE_50BPS,60,50.0,0.05,0.95,0.1,POSTSEASON_FINAL_AUDIT,baseline_cumulative_epa,BASELINE,0.8,14.412759758532047,-1,30m,8,5,-16.095767195767195,-0.20119708994708996,-0.10222222222222221,0.5,13.231481481481485,0.3746068293485187,-0.019906200432767068,-1.4089285714285718,-6.296626984126984,-4.0239417989418,1,4
FEE_50BPS,60,50.0,0.05,0.95,0.1,POSTSEASON_FINAL_AUDIT,baseline_cumulative_epa,BASELINE,0.7,10.731233805418007,1,settle,9,9,6.328994150185691,0.07032215722428548,0.2937012987012987,0.7777777777777778,10.049999999999999,1.3148753308550096,0.045919662371095064,2.774675324675325,1.5822485375464228,1.5822485375464228,3,4
FEE_50BPS,60,50.0,0.05,0.95,0.1,POSTSEASON_FINAL_AUDIT,baseline_net_yards_007,BASELINE,0.9,7.385,-1,5m,9,3,-1.7124344552106285,-0.019027049502340316,-0.005,0.3333333333333333,2.8859651666556134,0.41995501792039514,0.00026190166957747635,-0.012986879022940018,-0.5538699125863081,-0.42810861380265697,1,4
FEE_50BPS,60,50.0,0.05,0.95,0.1,POSTSEASON_FINAL_AUDIT,p11_v2_exact,P11_V2_EXACT,0.6,0.3359957097075061,-1,settle,10,10,4.888327639648172,0.04888327639648173,0.16554580100721372,0.7,20.099999999999998,1.1621335867213323,0.030393758325540848,-1.064699208169199,-0.03416809008795699,1.2220819099120428,2,4
FEE_50BPS,60,50.0,0.05,0.95,0.1,POSTSEASON_FINAL_AUDIT,baseline_current_dq_cumulative,BASELINE,0.8,6.122135242000772,1,15m,7,3,-27.438980463980464,-0.3919854351997209,-0.2907142857142857,0.0,25.16675824175824,0.0,-0.02123928036719776,-5.161111111111111,-8.993089896214896,-6.859745115995116,0,4
FEE_50BPS,60,50.0,0.05,0.95,0.1,POSTSEASON_FINAL_AUDIT,p11_v2_exact,P11_V2_EXACT,0.9,0.7779313984309322,-1,15m,9,2,-7.141633486949785,-0.07935148318833096,-0.01598901098901095,0.2222222222222222,7.71182603508682,0.08579204722773703,-0.05348270302028256,0.0,-2.7077199594566324,-1.7854083717374465,1,4
FEE_50BPS,60,50.0,0.05,0.95,0.1,POSTSEASON_FINAL_AUDIT,p11_v2_exact,P11_V2_EXACT,0.8,0.5741461803163885,-1,30m,8,3,-11.72398254189947,-0.1465497817737434,-0.0593478260869566,0.25,12.406306482568432,0.090535915243618,-0.10593802649372414,-1.6844950705480635,-4.046429468183982,-2.9309956354748676,0,4
FEE_50BPS,60,50.0,0.05,0.95,0.1,POSTSEASON_FINAL_AUDIT,p11_v2_exact,P11_V2_EXACT,0.9,0.7779313984309322,-1,5m,14,2,-1.790919323934381,-0.012792280885245578,-0.005,0.2857142857142857,2.2512278793341007,0.28213327176964514,0.0027944092902233353,-0.1466760230727533,-0.731168199621288,-0.4477298309835952,0,4
FEE_50BPS,60,50.0,0.05,0.95,0.1,POSTSEASON_FINAL_AUDIT,baseline_net_yards_007,BASELINE,0.9,7.385,-1,30m,3,2,-2.1338725347323426,-0.07112908449107809,-0.03833333333333332,0.3333333333333333,0.3833333333333333,0.14237826187120026,-0.032698210353026926,-0.01453900709219852,-0.5334681336830857,-0.5334681336830857,0,4
FEE_50BPS,60,50.0,0.05,0.95,0.1,POSTSEASON_FINAL_AUDIT,baseline_current_dq_cumulative,BASELINE,0.85,6.962058824045694,1,30m,4,2,-9.90405982905983,-0.24760149572649576,-0.16311965811965812,0.5,15.359615384615386,0.3551882920857504,-0.015816467748406712,0.0,-4.395966880341881,-2.4760149572649572,1,4
FEE_50BPS,60,50.0,0.05,0.95,0.1,POSTSEASON_FINAL_AUDIT,tweak_process_outcome_agreement,DQ2_TWEAK_AGREEMENT,0.8,1.5641421815391412,1,settle,12,12,14.064358047454467,0.11720298372878724,-1.005,0.4166666666666667,40.19999999999999,1.1999198016695731,0.030335330009891904,6.552906976744187,-0.25266048813638653,3.516089511863614,2,4
FEE_50BPS,60,50.0,0.05,0.95,0.1,POSTSEASON_FINAL_AUDIT,tweak_process_outcome_ensemble,DQ2_TWEAK_ENSEMBLE,0.85,1.5079970473606323,1,settle,12,12,-7.452325471251298,-0.06210271226042748,-1.005,0.3333333333333333,48.610869565217385,0.9073093846859291,-0.03978056740081323,-6.717934782608694,-6.888081367812827,-1.8630813678128266,2,4
FEE_50BPS,60,50.0,0.05,0.95,0.1,POSTSEASON_FINAL_AUDIT,tweak_process_uncertainty_scaled,DQ2_TWEAK_PRICE_AWARE,0.6,0.4255413557822185,1,settle,12,12,-40.14215929547996,-0.33451799412899974,-1.005,0.4166666666666667,41.85686517783291,0.4293936134260132,-0.07374658464542398,-16.791666666666664,-17.57303982386999,-10.03553982386999,0,4
FEE_50BPS,60,50.0,0.05,0.95,0.1,POSTSEASON_FINAL_AUDIT,tweak_outcome_epa_agreement,DQ2_TWEAK_AGREEMENT,0.8,1.3042297086372814,-1,settle,7,7,-16.352805049088353,-0.23361150070126216,-1.005,0.2857142857142857,38.56086956521739,0.6745710437992367,-0.05628644515575217,-11.50846774193548,-9.113201262272087,-4.088201262272088,1,4
FEE_50BPS,60,50.0,0.05,0.95,0.1,POSTSEASON_FINAL_AUDIT,tweak_process_epa_ensemble,DQ2_TWEAK_ENSEMBLE,0.8,0.9452602120503795,1,settle,12,12,-38.50460120807326,-0.32087167673394384,-1.005,0.3333333333333333,45.37462686567164,0.52108704965083,-0.1250084967212579,-7.612313432835821,-14.651150302018317,-9.626150302018317,1,4
FEE_50BPS,60,50.0,0.05,0.95,0.1,POSTSEASON_FINAL_AUDIT,tweak_outcome_remaining_time_scaled,DQ2_TWEAK_TIME_AWARE,0.9,0.1955260315222922,-1,settle,11,11,23.9408950328773,0.21764450029888452,0.32833333333333325,0.6363636363636364,20.099999999999994,1.5955446525591366,0.055721555114440637,9.004378221337092,2.2164737582193252,5.985223758219324,3,4
FEE_50BPS,60,50.0,0.05,0.95,0.1,POSTSEASON_FINAL_AUDIT,tweak_market_uncertainty_scaled,DQ2_TWEAK_PRICE_AWARE,0.85,1.1654701584764322,-1,30m,12,8,-22.40886865677314,-0.18674057213977616,-0.2405510752688172,0.4166666666666667,19.979291091481294,0.21214619373712965,-0.06313482536163433,-3.5149077548467784,-7.7829618839617805,-5.602217164193286,2,4
FEE_50BPS,60,50.0,0.05,0.95,0.1,POSTSEASON_FINAL_AUDIT,tweak_process_outcome_epa_ensemble,DQ2_TWEAK_ENSEMBLE,0.6,0.5590538939184704,1,settle,12,12,-2.222970281103006,-0.01852475234252504,-0.46736559139784944,0.5,48.610869565217385,0.9631348212089053,0.04971168667931544,-6.717934782608694,-5.580742570275753,-0.5557425702757524,2,4
FEE_50BPS,60,50.0,0.05,0.95,0.1,POSTSEASON_FINAL_AUDIT,tweak_outcome_epa_agreement,DQ2_TWEAK_AGREEMENT,0.85,1.5000079826371508,1,5m,13,5,-7.326590988693634,-0.05635839222072027,-0.055847457627118506,0.23076923076923078,7.4194481315507765,0.17373006873061914,-0.023885112300336558,-1.9491600790513828,-2.5149499757384683,-1.8316477471734085,0,4
FEE_50BPS,60,50.0,0.05,0.95,0.1,POSTSEASON_FINAL_AUDIT,tweak_outcome_epa_agreement,DQ2_TWEAK_AGREEMENT,0.7,1.1083703175196418,-1,30m,12,7,-13.510934804599497,-0.1125911233716625,-0.08978513356562134,0.3333333333333333,12.351026970498118,0.40453751000502913,-0.03231877995758735,-4.014112903225806,-4.666492162179186,-3.377733701149875,1,4
FEE_100BPS,60,100.0,0.05,0.95,0.1,REG_WEEKS_14_18_CONFIRMATION,dq2_outcome_hgb_l15_r10_surprise_ewm10,DQ2_EPA_HGB,0.6,0.0808722506529674,1,settle,78,78,48.043589235045744,0.06159434517313557,-1.01,0.48717948717948717,71.60916695686053,1.1189197753342714,0.0341372183638056,-20.455549713304297,-10.101869041219377,9.60871784700915,3,5
FEE_100BPS,60,100.0,0.05,0.95,0.1,REG_WEEKS_14_18_CONFIRMATION,dq2_outcome_hgb_l7_r5_surprise_ewm5,DQ2_EPA_HGB,0.7,0.1476416999738668,1,settle,78,78,39.04849498333136,0.05006217305555305,-1.01,0.44871794871794873,163.71865555827816,1.0899113400491163,0.015233396934444633,-21.448432843323143,-17.937221379178617,7.80969899666627,3,5
FEE_100BPS,60,100.0,0.05,0.95,0.1,REG_WEEKS_14_18_CONFIRMATION,dq2_outcome_hgb_l7_r5_surprise_ewm10,DQ2_EPA_HGB,0.6,0.0875126599862819,1,settle,78,78,93.20553059652933,0.1194942699955504,0.059549302219171776,0.5256410256410257,107.00639764075709,1.2494127123268106,0.04811098527685571,-7.036434071211541,-2.4729267018807084,18.641106119305864,4,5
FEE_100BPS,60,100.0,0.05,0.95,0.1,REG_WEEKS_14_18_CONFIRMATION,p11_cvw0.5_k3_c0.1_tnone,P11_V2_GRID,0.6,3.1930212085612006,1,settle,74,74,26.125960146659864,0.035305351549540356,-1.01,0.4594594594594595,69.0658429928323,1.0646682181848015,0.03156538964079122,-2.937206518088873,-15.199677953520375,5.225192029331973,3,5
FEE_100BPS,60,100.0,0.05,0.95,0.1,REG_WEEKS_14_18_CONFIRMATION,p11_cvw0.5_k3_c0.1_tremaining_linear,P11_V2_GRID,0.6,0.15965106042806,1,settle,74,74,26.125960146659864,0.035305351549540356,-1.01,0.4594594594594595,69.0658429928323,1.0646682181848015,0.03156538964079122,-2.937206518088873,-15.199677953520375,5.225192029331973,3,5
FEE_100BPS,60,100.0,0.05,0.95,0.1,REG_WEEKS_14_18_CONFIRMATION,p11_cvw0.5_k3_c0.1_telapsed_sqrt,P11_V2_GRID,0.6,3.1828501141215737,1,settle,74,74,35.17573390231597,0.04753477554367024,-1.01,0.4594594594594595,69.0658429928323,1.0870686482730592,0.032497965236690234,-2.0168057537732977,-13.389723202389154,7.0351467804631955,3,5
FEE_100BPS,60,100.0,0.05,0.95,0.1,REG_WEEKS_14_18_CONFIRMATION,p11_cvw0.5_k3_c0.1_tp11_cosine,P11_V2_GRID,0.6,0.3221907791020931,1,settle,73,73,36.225960146659865,0.04962460294062994,-1.01,0.4657534246575342,69.0658429928323,1.0919674032664626,0.03673075921233919,-2.937206518088873,-13.179677953520379,7.245192029331972,3,5
FEE_100BPS,60,100.0,0.05,0.95,0.1,REG_WEEKS_14_18_CONFIRMATION,dq2_process_hgb_l15_r10_surprise_ewm5,DQ2_EPA_HGB,0.8,0.5176337005850116,-1,settle,77,77,5.394939481314395,0.007006414910797954,0.15279069767441866,0.5974025974025974,103.3015006002679,1.017230723351371,0.0096901670532803,-20.657818980023066,-17.743694582276113,1.0789878962628812,2,5
FEE_100BPS,60,100.0,0.05,0.95,0.1,REG_WEEKS_14_18_CONFIRMATION,dq2_process_hgb_l7_r5_surprise_ewm10,DQ2_EPA_HGB,0.6,0.2542854895101879,1,settle,78,78,125.56147927425266,0.1609762554798111,-0.4723655913978495,0.5,62.61818181818182,1.318764862336259,0.08947912354359713,-40.32035125307734,2.557290394561002,25.112295854850537,2,5
FEE_100BPS,60,100.0,0.05,0.95,0.1,REG_WEEKS_14_18_CONFIRMATION,dq2_market_hgb_15m_l7_r5,DQ2_MARKET_HGB,0.8,0.0398489669697667,-1,30m,76,47,38.7950947224799,0.05104617726642095,-0.01,0.4868421052631579,18.64673912122217,1.468113490833931,0.023303164760886064,-2.899843010335154,2.302685542750358,7.759018944495983,3,5
FEE_100BPS,60,100.0,0.05,0.95,0.1,REG_WEEKS_14_18_CONFIRMATION,dq2_market_hgb_15m_l7_r5,DQ2_MARKET_HGB,0.85,0.0461950882524378,-1,30m,51,35,38.31352167993749,0.07512455231360293,0.023333333333333435,0.5490196078431373,30.085003035382112,1.559930045226468,0.02590262146605891,2.0804867885907665,2.626901015517083,7.662704335987501,3,5
FEE_100BPS,60,100.0,0.05,0.95,0.1,REG_WEEKS_14_18_CONFIRMATION,dq2_market_hgb_15m_l15_r10,DQ2_MARKET_HGB,0.95,0.0855382209696666,-1,5m,29,20,3.2114195056843684,0.011073860364428862,-0.048961038961038976,0.3448275862068966,16.89258899438962,1.1195888981150977,-0.008846637364289906,-0.3423193209573694,-1.52966536307757,0.6422839011368744,2,5
FEE_100BPS,60,100.0,0.05,0.95,0.1,REG_WEEKS_14_18_CONFIRMATION,dq2_market_hgb_15m_l31_r20,DQ2_MARKET_HGB,0.7,0.0415017778949682,1,settle,69,69,-2.3158642294575067,-0.003356324970228265,-1.01,0.43478260869565216,93.00411247367768,0.9941206797932022,0.0017127522370019384,7.837088107900655,-25.60152290163286,-0.46317284589149776,3,5
FEE_100BPS,60,100.0,0.05,0.95,0.1,REG_WEEKS_14_18_CONFIRMATION,prior_sq_process_adjustment_ewm5,PRIOR_SQ_EPA,0.8,0.628218750930896,-1,30m,199,69,14.377640765558215,0.007224945108320714,-0.0942105263157894,0.4371859296482412,110.1946944561418,1.032158103242616,0.011685746150651807,7.700210295424778,-22.18464026168258,2.8755281531116474,3,5
FEE_100BPS,60,100.0,0.05,0.95,0.1,REG_WEEKS_14_18_CONFIRMATION,baseline_cumulative_epa,BASELINE,0.8,14.412759758532047,-1,30m,42,28,27.683107611816073,0.06591216098051443,-0.2581481481481482,0.3333333333333333,53.796747949825935,1.1921133065206493,0.020592452418735037,-18.520985603543743,-6.263017480524763,5.536621522363214,1,5
FEE_100BPS,60,100.0,0.05,0.95,0.1,REG_WEEKS_14_18_CONFIRMATION,baseline_cumulative_epa,BASELINE,0.7,10.731233805418007,1,settle,53,53,36.654626448852504,0.0691596725450047,0.12636363636363646,0.7547169811320755,56.31190473111963,1.2791669950407654,0.02108022665473382,-2.293233917624949,-2.4106834938217943,7.3309252897705,4,5
FEE_100BPS,60,100.0,0.05,0.95,0.1,REG_WEEKS_14_18_CONFIRMATION,baseline_net_yards_007,BASELINE,0.9,7.385,-1,5m,32,14,6.445127000483268,0.02014102187651022,-0.02063950198075836,0.34375,11.012168308881519,1.3176824957821542,0.002391419214100148,-2.592873005713404,0.06171269773032186,1.2890254000966537,1,5
FEE_100BPS,60,100.0,0.05,0.95,0.1,REG_WEEKS_14_18_CONFIRMATION,p11_v2_exact,P11_V2_EXACT,0.6,0.3359957097075061,-1,settle,66,66,-64.82421482737354,-0.09821850731420233,0.059549302219171776,0.6363636363636364,114.58670221404755,0.7325733711742015,-0.03336807598129561,-8.602026285873839,-30.775056768143095,-12.96484296547471,3,5
FEE_100BPS,60,100.0,0.05,0.95,0.1,REG_WEEKS_14_18_CONFIRMATION,baseline_current_dq_cumulative,BASELINE,0.8,6.122135242000772,1,15m,46,29,-77.35678467658043,-0.1681669232099575,-0.3211111111111111,0.34782608695652173,81.22261633947093,0.5586509043469592,-0.011047852133262691,-27.025210084033617,-27.445914646702214,-15.47135693531609,1,5
FEE_100BPS,60,100.0,0.05,0.95,0.1,REG_WEEKS_14_18_CONFIRMATION,p11_v2_exact,P11_V2_EXACT,0.9,0.7779313984309322,-1,15m,13,9,-7.518666961476745,-0.057835899703667266,-0.02052631578947372,0.46153846153846156,7.0960863163154535,0.17988551813555595,-0.022536686701701374,-1.5185261920959852,-1.9775506276915316,-1.503733392295349,0,5
FEE_100BPS,60,100.0,0.05,0.95,0.1,REG_WEEKS_14_18_CONFIRMATION,p11_v2_exact,P11_V2_EXACT,0.8,0.5741461803163885,-1,30m,40,29,-14.21930066463415,-0.03554825166158538,0.0011086226203808145,0.525,29.1851685483189,0.6809397909155643,-0.005277345810588248,-3.421177832353969,-5.851389558328151,-2.8438601329268307,2,5
FEE_100BPS,60,100.0,0.05,0.95,0.1,REG_WEEKS_14_18_CONFIRMATION,p11_v2_exact,P11_V2_EXACT,0.9,0.7779313984309322,-1,5m,20,10,-6.388664165641526,-0.031943320828207625,-0.02105276013678558,0.25,6.181137283921097,0.30233855159558914,-0.0005399249142260532,-1.631726139029511,-1.860389274725474,-1.277732833128305,0,5
FEE_100BPS,60,100.0,0.05,0.95,0.1,REG_WEEKS_14_18_CONFIRMATION,baseline_net_yards_007,BASELINE,0.9,7.385,-1,30m,12,10,-9.3235465743609,-0.07769622145300749,-0.04079230333899268,0.5,12.719172253129425,0.46893584612022693,-0.03157998521212073,-1.0663912814373497,-3.003393004855996,-1.86470931487218,3,5
FEE_100BPS,60,100.0,0.05,0.95,0.1,REG_WEEKS_14_18_CONFIRMATION,baseline_current_dq_cumulative,BASELINE,0.85,6.962058824045694,1,30m,14,12,-9.38936945407534,-0.06706692467196669,-0.531978021978022,0.2857142857142857,41.83590625061213,0.8561807594730707,0.005596421078175754,-2.1000000000000005,-6.964405692346868,-1.8778738908150665,2,5
FEE_100BPS,60,100.0,0.05,0.95,0.1,REG_WEEKS_14_18_CONFIRMATION,tweak_process_outcome_agreement,DQ2_TWEAK_AGREEMENT,0.8,1.5641421815391412,1,settle,74,74,205.00254927254517,0.277030471989926,-1.01,0.4594594594594595,70.16606292992503,1.507432052654815,0.06518099664136169,3.271525550472923,21.980843817551623,41.00050985450905,3,5
FEE_100BPS,60,100.0,0.05,0.95,0.1,REG_WEEKS_14_18_CONFIRMATION,tweak_process_outcome_ensemble,DQ2_TWEAK_ENSEMBLE,0.85,1.5079970473606323,1,settle,74,74,176.9688819162683,0.23914713772468688,-1.01,0.4594594594594595,80.98021234640001,1.4380417869214561,0.05059394760612558,-28.037644312291885,15.292695404648734,35.39377638325365,2,5
FEE_100BPS,60,100.0,0.05,0.95,0.1,REG_WEEKS_14_18_CONFIRMATION,tweak_process_uncertainty_scaled,DQ2_TWEAK_PRICE_AWARE,0.6,0.4255413557822185,1,settle,76,76,46.16323169453034,0.060741094334908347,-1.01,0.4605263157894737,98.44177215189872,1.1114784634014254,0.021511874903732905,-87.17368615986052,-23.77973160683594,9.232646338906063,2,5
FEE_100BPS,60,100.0,0.05,0.95,0.1,REG_WEEKS_14_18_CONFIRMATION,tweak_outcome_epa_agreement,DQ2_TWEAK_AGREEMENT,0.8,1.3042297086372814,-1,settle,46,46,70.50118416185305,0.15326344383011528,-1.01,0.2608695652173913,144.6565573770491,1.205303390104406,-0.014784356643597703,-38.890788446526145,-14.856280974299816,14.100236832370618,2,5
FEE_100BPS,60,100.0,0.05,0.95,0.1,REG_WEEKS_14_18_CONFIRMATION,tweak_process_epa_ensemble,DQ2_TWEAK_ENSEMBLE,0.8,0.9452602120503795,1,settle,74,74,110.78504612871862,0.14970952179556568,0.048230683090705447,0.5135135135135135,64.04149772263517,1.3046893457885547,0.04081583773722777,-4.267429673401065,5.50499353886683,22.157009225743728,3,5
FEE_100BPS,60,100.0,0.05,0.95,0.1,REG_WEEKS_14_18_CONFIRMATION,tweak_outcome_remaining_time_scaled,DQ2_TWEAK_TIME_AWARE,0.9,0.1955260315222922,-1,settle,67,67,187.79422802897625,0.28028989258056153,0.06526881720430101,0.5970149253731343,58.29697443922794,1.688647700876334,0.05769809121924819,-8.283467119364134,20.516208825269764,37.558845605795256,3,5
FEE_100BPS,60,100.0,0.05,0.95,0.1,REG_WEEKS_14_18_CONFIRMATION,tweak_market_uncertainty_scaled,DQ2_TWEAK_PRICE_AWARE,0.85,1.1654701584764322,-1,30m,77,50,-0.18436123803718418,-0.00023943017926908306,-0.01,0.4805194805194805,38.314793366288164,0.9985345415729299,0.008088760124938,-20.685315619834835,-8.102813312162823,-0.03687224760743746,2,5
FEE_100BPS,60,100.0,0.05,0.95,0.1,REG_WEEKS_14_18_CONFIRMATION,tweak_process_outcome_epa_ensemble,DQ2_TWEAK_ENSEMBLE,0.6,0.5590538939184704,1,settle,78,78,56.0730420211607,0.07188851541174449,-1.01,0.44871794871794873,91.46981476955521,1.1291113102029946,0.014062737478764912,-13.898190820396938,-12.54514247533769,11.214608404232141,3,5
FEE_100BPS,60,100.0,0.05,0.95,0.1,REG_WEEKS_14_18_CONFIRMATION,tweak_outcome_epa_agreement,DQ2_TWEAK_AGREEMENT,0.85,1.5000079826371508,1,5m,74,35,-4.375349756874856,-0.005912634806587646,-0.02316017316017315,0.3783783783783784,14.940229665542343,0.868044649640137,0.013230840754437067,-0.003212710519733264,-3.2955000887542787,-0.8750699513749712,3,5
FEE_100BPS,60,100.0,0.05,0.95,0.1,REG_WEEKS_14_18_CONFIRMATION,tweak_outcome_epa_agreement,DQ2_TWEAK_AGREEMENT,0.7,1.1083703175196418,-1,30m,76,53,7.97662710264685,0.010495561977166978,-0.21000000000000002,0.3026315789473684,77.69208959020403,1.0374027619054098,-0.0074057572621747435,-1.9672082128092656,-13.10547887260958,1.5953254205293708,3,5
FEE_100BPS,60,100.0,0.05,0.95,0.1,POSTSEASON_FINAL_AUDIT,dq2_outcome_hgb_l15_r10_surprise_ewm10,DQ2_EPA_HGB,0.6,0.0808722506529674,1,settle,12,12,2.3703882957142177,0.01975323579761845,0.1855291454442558,0.5833333333333334,28.35911517925248,1.0469383820933509,0.08854605291127056,-6.805434782608696,-3.194902926071448,0.5925970739285527,2,4
FEE_100BPS,60,100.0,0.05,0.95,0.1,POSTSEASON_FINAL_AUDIT,dq2_outcome_hgb_l7_r5_surprise_ewm5,DQ2_EPA_HGB,0.7,0.1476416999738668,1,settle,12,12,-5.642679564552287,-0.047022329704602406,-0.4723655913978495,0.5,45.902974828375285,0.9068864758324705,0.029266295344394743,-6.805434782608696,-6.460669891138073,-1.410669891138073,2,4
FEE_100BPS,60,100.0,0.05,0.95,0.1,POSTSEASON_FINAL_AUDIT,dq2_outcome_hgb_l7_r5_surprise_ewm10,DQ2_EPA_HGB,0.6,0.0875126599862819,1,settle,12,12,-32.41485066375343,-0.27012375553127854,-1.01,0.4166666666666667,45.90297482837529,0.5415155493104183,-0.060992602514387206,-13.45593791768907,-13.153712665938356,-8.103712665938357,1,4
FEE_100BPS,60,100.0,0.05,0.95,0.1,POSTSEASON_FINAL_AUDIT,p11_cvw0.5_k3_c0.1_tnone,P11_V2_GRID,0.6,3.1930212085612006,1,settle,12,12,-52.91113453896683,-0.44092612115805685,-1.01,0.3333333333333333,52.71113453896683,0.34515922600288584,-0.07695416448198372,-21.405567269483413,-19.540283634741705,-13.227783634741707,0,4
FEE_100BPS,60,100.0,0.05,0.95,0.1,POSTSEASON_FINAL_AUDIT,p11_cvw0.5_k3_c0.1_tremaining_linear,P11_V2_GRID,0.6,0.15965106042806,1,settle,12,12,-52.91113453896683,-0.44092612115805685,-1.01,0.3333333333333333,52.71113453896683,0.34515922600288584,-0.07695416448198372,-21.405567269483413,-19.540283634741705,-13.227783634741707,0,4
FEE_100BPS,60,100.0,0.05,0.95,0.1,POSTSEASON_FINAL_AUDIT,p11_cvw0.5_k3_c0.1_telapsed_sqrt,P11_V2_GRID,0.6,3.1828501141215737,1,settle,12,12,-52.502971273660705,-0.4375247606138392,-1.01,0.3333333333333333,52.71113453896683,0.35021075156360515,-0.0769243260995127,-21.201485636830355,-19.438242818415176,-13.125742818415178,0,4
FEE_100BPS,60,100.0,0.05,0.95,0.1,POSTSEASON_FINAL_AUDIT,p11_cvw0.5_k3_c0.1_tp11_cosine,P11_V2_GRID,0.6,0.3221907791020931,1,settle,12,12,-52.91113453896683,-0.44092612115805685,-1.01,0.3333333333333333,52.71113453896683,0.34515922600288584,-0.07675002938118712,-21.405567269483413,-19.540283634741705,-13.227783634741707,0,4
FEE_100BPS,60,100.0,0.05,0.95,0.1,POSTSEASON_FINAL_AUDIT,dq2_process_hgb_l15_r10_surprise_ewm5,DQ2_EPA_HGB,0.8,0.5176337005850116,-1,settle,12,12,33.80786441289874,0.2817322034408228,0.4289233954451347,0.75,10.100000000000001,2.115771102735932,0.17744049016316274,9.085181525398918,7.189466103224684,8.451966103224684,3,4
FEE_100BPS,60,100.0,0.05,0.95,0.1,POSTSEASON_FINAL_AUDIT,dq2_process_hgb_l7_r5_surprise_ewm10,DQ2_EPA_HGB,0.6,0.2542854895101879,1,settle,12,12,-1.8926089363745469,-0.015771741136454576,-0.4723655913978495,0.5,28.76086956521739,0.9687688294327632,0.05518941208094269,-6.805434782608696,-6.785652234093636,-0.4731522340936367,2,4
FEE_100BPS,60,100.0,0.05,0.95,0.1,POSTSEASON_FINAL_AUDIT,dq2_market_hgb_15m_l7_r5,DQ2_MARKET_HGB,0.8,0.0398489669697667,-1,30m,7,6,-2.4164085622950795,-0.034520122318501135,-0.033255813953488415,0.42857142857142855,2.3916666666666666,0.7179178781660268,0.0046650189139693975,-0.023971377459749366,-0.9030604739071031,-0.6041021405737699,2,4
FEE_100BPS,60,100.0,0.05,0.95,0.1,POSTSEASON_FINAL_AUDIT,dq2_market_hgb_15m_l7_r5,DQ2_MARKET_HGB,0.85,0.0461950882524378,-1,30m,4,4,-7.218162393162392,-0.1804540598290598,-0.18013888888888885,0.25,3.602777777777777,0.037934668071654486,-0.06656351799747709,0.0,-2.25488782051282,-1.804540598290598,1,4
FEE_100BPS,60,100.0,0.05,0.95,0.1,POSTSEASON_FINAL_AUDIT,dq2_market_hgb_15m_l15_r10,DQ2_MARKET_HGB,0.95,0.0855382209696666,-1,5m,0,0,0.0,,,,0.0,,,0.0,0.0,0.0,0,4
FEE_100BPS,60,100.0,0.05,0.95,0.1,POSTSEASON_FINAL_AUDIT,dq2_market_hgb_15m_l31_r20,DQ2_MARKET_HGB,0.7,0.0415017778949682,1,settle,12,12,17.99546520467976,0.14996221003899804,0.4642524916943521,0.5833333333333334,39.8413237924866,1.356345845637223,0.11097871843519025,-8.059615384615386,0.7113663011699418,4.49886630116994,1,4
FEE_100BPS,60,100.0,0.05,0.95,0.1,POSTSEASON_FINAL_AUDIT,prior_sq_process_adjustment_ewm5,PRIOR_SQ_EPA,0.8,0.628218750930896,-1,30m,36,12,-10.824633876688067,-0.030068427435244634,-0.01,0.4722222222222222,31.405423675124922,0.797650725291222,0.0016492704682024195,-2.4240375533241583,-7.316104622006017,-2.706158469172016,2,4
FEE_100BPS,60,100.0,0.05,0.95,0.1,POSTSEASON_FINAL_AUDIT,baseline_cumulative_epa,BASELINE,0.8,14.412759758532047,-1,30m,8,5,-16.495767195767193,-0.20619708994708996,-0.10722222222222222,0.5,13.481481481481477,0.3640072621937536,-0.019906200432767068,-1.4964285714285717,-6.421626984126983,-4.123941798941798,1,4
FEE_100BPS,60,100.0,0.05,0.95,0.1,POSTSEASON_FINAL_AUDIT,baseline_cumulative_epa,BASELINE,0.7,10.731233805418007,1,settle,9,9,5.878994150185691,0.06532215722428544,0.2887012987012987,0.7777777777777778,10.1,1.2910393143656282,0.045919662371095064,2.7246753246753252,1.469748537546423,1.469748537546423,3,4
FEE_100BPS,60,100.0,0.05,0.95,0.1,POSTSEASON_FINAL_AUDIT,baseline_net_yards_007,BASELINE,0.9,7.385,-1,5m,9,3,-2.1624344552106285,-0.024027049502340317,-0.01,0.3333333333333333,3.235965166655614,0.33509469215357657,0.00026190166957747635,-0.07548687902294002,-0.701835028865378,-0.5406086138026571,1,4
FEE_100BPS,60,100.0,0.05,0.95,0.1,POSTSEASON_FINAL_AUDIT,p11_v2_exact,P11_V2_EXACT,0.6,0.3359957097075061,-1,settle,10,10,4.388327639648171,0.04388327639648169,0.16054580100721372,0.7,20.2,1.1448292950378935,0.030393758325540848,-1.1646992081691994,-0.1654180900879569,1.097081909912043,2,4
FEE_100BPS,60,100.0,0.05,0.95,0.1,POSTSEASON_FINAL_AUDIT,baseline_current_dq_cumulative,BASELINE,0.8,6.122135242000772,1,15m,7,3,-27.788980463980465,-0.3969854351997209,-0.2957142857142857,0.0,25.466758241758242,0.0,-0.02123928036719776,-5.211111111111111,-9.105589896214896,-6.947245115995116,0,4
FEE_100BPS,60,100.0,0.05,0.95,0.1,POSTSEASON_FINAL_AUDIT,p11_v2_exact,P11_V2_EXACT,0.9,0.7779313984309322,-1,15m,9,2,-7.591633486949785,-0.08435148318833097,-0.020989010989010952,0.2222222222222222,7.961826035086821,0.06986090437186937,-0.05348270302028256,-0.006570392598149566,-2.851469959456632,-1.8979083717374465,1,4
FEE_100BPS,60,100.0,0.05,0.95,0.1,POSTSEASON_FINAL_AUDIT,p11_v2_exact,P11_V2_EXACT,0.8,0.5741461803163885,-1,30m,8,3,-12.123982541899471,-0.1515497817737434,-0.06434782608695659,0.25,12.65630648256843,0.08089601563462373,-0.10593802649372414,-1.7969950705480637,-4.171429468183981,-3.0309956354748677,0,4
FEE_100BPS,60,100.0,0.05,0.95,0.1,POSTSEASON_FINAL_AUDIT,p11_v2_exact,P11_V2_EXACT,0.9,0.7779313984309322,-1,5m,14,2,-2.4909193239343805,-0.017792280885245575,-0.01,0.2857142857142857,2.851227879334101,0.1682462173811412,0.0027944092902233353,-0.3341760230727533,-0.968668199621288,-0.6227298309835951,0,4
FEE_100BPS,60,100.0,0.05,0.95,0.1,POSTSEASON_FINAL_AUDIT,baseline_net_yards_007,BASELINE,0.9,7.385,-1,30m,3,2,-2.283872534732343,-0.0761290844910781,-0.04333333333333333,0.3333333333333333,0.4333333333333331,0.11755807144251412,-0.032698210353026926,-0.06453900709219856,-0.5709681336830857,-0.5709681336830857,0,4
FEE_100BPS,60,100.0,0.05,0.95,0.1,POSTSEASON_FINAL_AUDIT,baseline_current_dq_cumulative,BASELINE,0.85,6.962058824045694,1,30m,4,2,-10.104059829059832,-0.25260149572649576,-0.16811965811965812,0.5,15.459615384615388,0.34642230238697463,-0.015816467748406712,0.0,-4.458466880341882,-2.526014957264958,1,4
FEE_100BPS,60,100.0,0.05,0.95,0.1,POSTSEASON_FINAL_AUDIT,tweak_process_outcome_agreement,DQ2_TWEAK_AGREEMENT,0.8,1.5641421815391412,1,settle,12,12,13.464358047454459,0.11220298372878713,-1.01,0.4166666666666667,40.400000000000006,1.190443536739101,0.030335330009891904,6.477906976744188,-0.42141048813638315,3.3660895118636156,2,4
FEE_100BPS,60,100.0,0.05,0.95,0.1,POSTSEASON_FINAL_AUDIT,tweak_process_outcome_ensemble,DQ2_TWEAK_ENSEMBLE,0.85,1.5079970473606323,1,settle,12,12,-8.052325471251306,-0.06710271226042756,-1.01,0.3333333333333333,48.96086956521739,0.9003425065439195,-0.03978056740081323,-6.805434782608696,-7.063081367812824,-2.013081367812826,2,4
FEE_100BPS,60,100.0,0.05,0.95,0.1,POSTSEASON_FINAL_AUDIT,tweak_process_uncertainty_scaled,DQ2_TWEAK_PRICE_AWARE,0.6,0.4255413557822185,1,settle,12,12,-40.74215929547997,-0.3395179941289998,-1.01,0.4166666666666667,42.40686517783292,0.423731834575955,-0.07374658464542398,-16.916666666666668,-17.760539823869994,-10.185539823869995,0,4
FEE_100BPS,60,100.0,0.05,0.95,0.1,POSTSEASON_FINAL_AUDIT,tweak_outcome_epa_agreement,DQ2_TWEAK_AGREEMENT,0.8,1.3042297086372814,-1,settle,7,7,-16.702805049088354,-0.23861150070126222,-1.01,0.2857142857142857,38.86086956521739,0.6692513851665672,-0.05628644515575217,-11.645967741935479,-9.225701262272088,-4.175701262272089,1,4
FEE_100BPS,60,100.0,0.05,0.95,0.1,POSTSEASON_FINAL_AUDIT,tweak_process_epa_ensemble,DQ2_TWEAK_ENSEMBLE,0.8,0.9452602120503795,1,settle,12,12,-39.10460120807327,-0.32587167673394385,-1.01,0.3333333333333333,45.67462686567164,0.51603216326642,-0.1250084967212579,-7.687313432835821,-14.826150302018315,-9.776150302018316,1,4
FEE_100BPS,60,100.0,0.05,0.95,0.1,POSTSEASON_FINAL_AUDIT,tweak_outcome_remaining_time_scaled,DQ2_TWEAK_TIME_AWARE,0.9,0.1955260315222922,-1,settle,11,11,23.390895032877296,0.21264450029888443,0.32333333333333325,0.6363636363636364,20.200000000000003,1.5789825503187451,0.055721555114440637,8.929378221337092,2.060223758219324,5.847723758219324,3,4
FEE_100BPS,60,100.0,0.05,0.95,0.1,POSTSEASON_FINAL_AUDIT,tweak_market_uncertainty_scaled,DQ2_TWEAK_PRICE_AWARE,0.85,1.1654701584764322,-1,30m,12,8,-23.008868656773146,-0.19174057213977624,-0.2455510752688172,0.4166666666666667,20.4292910914813,0.20088470709901554,-0.06313482536163433,-3.627407754846779,-7.976711883961784,-5.752217164193288,2,4
FEE_100BPS,60,100.0,0.05,0.95,0.1,POSTSEASON_FINAL_AUDIT,tweak_process_outcome_epa_ensemble,DQ2_TWEAK_ENSEMBLE,0.6,0.5590538939184704,1,settle,12,12,-2.8229702811030144,-0.023524752342525157,-0.4723655913978495,0.5,48.96086956521739,0.9534163319949998,0.04971168667931544,-6.805434782608696,-5.755742570275752,-0.7057425702757536,2,4
FEE_100BPS,60,100.0,0.05,0.95,0.1,POSTSEASON_FINAL_AUDIT,tweak_outcome_epa_agreement,DQ2_TWEAK_AGREEMENT,0.85,1.5000079826371508,1,5m,13,5,-7.976590988693634,-0.061358392220720266,-0.06084745762711851,0.23076923076923078,8.019448131550776,0.14844306802542062,-0.023885112300336558,-2.0366600790513827,-2.7336999757384683,-1.9941477471734088,0,4
FEE_100BPS,60,100.0,0.05,0.95,0.1,POSTSEASON_FINAL_AUDIT,tweak_outcome_epa_agreement,DQ2_TWEAK_AGREEMENT,0.7,1.1083703175196418,-1,30m,12,7,-14.1109348045995,-0.11759112337166251,-0.09478513356562135,0.3333333333333333,12.851026970498118,0.38886761503537337,-0.03231877995758735,-4.076612903225806,-4.860242162179186,-3.527733701149875,1,4
PRICE_10_90,60,25.0,0.1,0.9,0.1,REG_WEEKS_14_18_CONFIRMATION,dq2_outcome_hgb_l15_r10_surprise_ewm10,DQ2_EPA_HGB,0.6,0.0808722506529674,1,settle,74,74,94.83279231260494,0.12815242204406066,0.11485330836454438,0.5135135135135135,59.934166956860544,1.2627675043297453,0.04000435584470378,-6.158626620551065,1.863304580461076,18.966558462520982,3,5
PRICE_10_90,60,25.0,0.1,0.9,0.1,REG_WEEKS_14_18_CONFIRMATION,dq2_outcome_hgb_l7_r5_surprise_ewm5,DQ2_EPA_HGB,0.7,0.1476416999738668,1,settle,74,74,85.94412146087278,0.11614070467685508,-1.0025,0.47297297297297297,161.84365555827824,1.2198199922267996,0.020145575417432948,-14.732268540722654,-7.346925870904377,17.18882429217455,4,5
PRICE_10_90,60,25.0,0.1,0.9,0.1,REG_WEEKS_14_18_CONFIRMATION,dq2_outcome_hgb_l7_r5_surprise_ewm10,DQ2_EPA_HGB,0.6,0.0875126599862819,1,settle,74,74,129.4733128470964,0.17496393627985998,0.1671306429548564,0.5405405405405406,95.78139764075715,1.379854225750613,0.05352103185442722,-0.2704258235423964,6.872970173764623,25.89466256941928,5,5
PRICE_10_90,60,25.0,0.1,0.9,0.1,REG_WEEKS_14_18_CONFIRMATION,p11_cvw0.5_k3_c0.1_tnone,P11_V2_GRID,0.6,3.1930212085612006,1,settle,68,68,80.959049279749,0.11905742541139563,-1.0025,0.4852941176470588,67.74374287073218,1.2307347325393634,0.0357565009678386,-1.6247065180888534,-2.3141834480258723,16.1918098559498,3,5
PRICE_10_90,60,25.0,0.1,0.9,0.1,REG_WEEKS_14_18_CONFIRMATION,p11_cvw0.5_k3_c0.1_tremaining_linear,P11_V2_GRID,0.6,0.15965106042806,1,settle,68,68,80.959049279749,0.11905742541139563,-1.0025,0.4852941176470588,67.74374287073218,1.2307347325393634,0.0357565009678386,-1.6247065180888534,-2.3141834480258723,16.1918098559498,3,5
PRICE_10_90,60,25.0,0.1,0.9,0.1,REG_WEEKS_14_18_CONFIRMATION,p11_cvw0.5_k3_c0.1_telapsed_sqrt,P11_V2_GRID,0.6,3.1828501141215737,1,settle,68,68,90.00882303540509,0.13236591622853697,-1.0025,0.4852941176470588,67.7437428707322,1.2565267489430856,0.0367713626457287,-1.4101665596340887,-0.5042286968946506,18.00176460708102,3,5
PRICE_10_90,60,25.0,0.1,0.9,0.1,REG_WEEKS_14_18_CONFIRMATION,p11_cvw0.5_k3_c0.1_tp11_cosine,P11_V2_GRID,0.6,0.3221907791020931,1,settle,67,67,90.98404927974899,0.1357970884772373,-1.0025,0.4925373134328358,67.7437428707322,1.266932812908168,0.04144699484918262,-1.6247065180888534,-0.309183448025874,18.1968098559498,3,5
PRICE_10_90,60,25.0,0.1,0.9,0.1,REG_WEEKS_14_18_CONFIRMATION,dq2_process_hgb_l15_r10_surprise_ewm5,DQ2_EPA_HGB,0.8,0.5176337005850116,-1,settle,73,73,-12.569559148881357,-0.017218574176549806,0.20231927710843384,0.547945205479452,106.4825391632325,0.9620054132883508,0.0005283661728407645,-32.758142706004676,-22.829296291768518,-2.513911829776274,2,5
PRICE_10_90,60,25.0,0.1,0.9,0.1,REG_WEEKS_14_18_CONFIRMATION,dq2_process_hgb_l7_r5_surprise_ewm10,DQ2_EPA_HGB,0.6,0.2542854895101879,1,settle,73,73,182.1418462804896,0.24950937846642407,0.17397058823529415,0.5342465753424658,62.018181818181816,1.5343753741542898,0.10044871240750008,-22.546740141966218,16.43350866604025,36.42836925609792,3,5
PRICE_10_90,60,25.0,0.1,0.9,0.1,REG_WEEKS_14_18_CONFIRMATION,dq2_market_hgb_15m_l7_r5,DQ2_MARKET_HGB,0.8,0.0398489669697667,-1,30m,69,44,42.16814231039344,0.061113249725207874,-0.0025,0.4492753623188406,13.484248377435286,1.5708036985340528,0.028940274032804914,-2.4437429276221643,3.5614564097363486,8.433628462078689,3,5
PRICE_10_90,60,25.0,0.1,0.9,0.1,REG_WEEKS_14_18_CONFIRMATION,dq2_market_hgb_15m_l7_r5,DQ2_MARKET_HGB,0.85,0.0461950882524378,-1,30m,46,31,39.865081410529484,0.08666322045767277,0.02111111111111114,0.5217391304347826,24.09915877211847,1.6489112886636814,0.033543872157323254,2.421202255919142,3.5657973879618403,7.973016282105897,4,5
PRICE_10_90,60,25.0,0.1,0.9,0.1,REG_WEEKS_14_18_CONFIRMATION,dq2_market_hgb_15m_l15_r10,DQ2_MARKET_HGB,0.95,0.0855382209696666,-1,5m,27,19,-14.993688021197347,-0.05553217785628646,-0.04416666666666663,0.2962962962962963,17.692134466005744,0.4103664949605639,-0.015405565338690207,-1.5786197966849,-4.964777777544823,-2.998737604239469,2,5
PRICE_10_90,60,25.0,0.1,0.9,0.1,REG_WEEKS_14_18_CONFIRMATION,dq2_market_hgb_15m_l31_r20,DQ2_MARKET_HGB,0.7,0.0415017778949682,1,settle,67,67,12.156447598499533,0.018143951639551514,-1.0025,0.43283582089552236,81.92911247367769,1.0319108743890264,0.0010606553446959243,9.074588107900663,-21.479560536041454,2.4312895196999036,3,5
PRICE_10_90,60,25.0,0.1,0.9,0.1,REG_WEEKS_14_18_CONFIRMATION,prior_sq_process_adjustment_ewm5,PRIOR_SQ_EPA,0.8,0.628218750930896,-1,30m,176,62,29.6397796979902,0.016840783919312614,-0.016676245210727966,0.4772727272727273,78.65933722095784,1.0876934984498816,0.007935721189532343,-33.34697556203785,-10.439550293764157,5.927955939598041,2,5
PRICE_10_90,60,25.0,0.1,0.9,0.1,REG_WEEKS_14_18_CONFIRMATION,baseline_cumulative_epa,BASELINE,0.8,14.412759758532047,-1,30m,32,21,-5.224901046192592,-0.016327815769351856,-0.0025,0.4375,34.33808994116791,0.934880413874893,0.018621389104521994,-4.656909068536974,-7.70338544589273,-1.0449802092385185,3,5
PRICE_10_90,60,25.0,0.1,0.9,0.1,REG_WEEKS_14_18_CONFIRMATION,baseline_cumulative_epa,BASELINE,0.7,10.731233805418007,1,settle,49,49,42.33832622174534,0.08640474739131701,0.16029069767441867,0.7346938775510204,51.856545200144986,1.3248672643141783,0.02393046007527646,-2.309023391309143,-1.2467066971379566,8.46766524434907,4,5
PRICE_10_90,60,25.0,0.1,0.9,0.1,REG_WEEKS_14_18_CONFIRMATION,baseline_net_yards_007,BASELINE,0.9,7.385,-1,5m,17,8,-2.834181203846542,-0.01667165414027378,-0.024722222222222253,0.4117647058823529,4.098931623931623,0.6698644945016332,0.00439668181345994,-0.8967480304447417,-1.2510259787253157,-0.5668362407693083,1,5
PRICE_10_90,60,25.0,0.1,0.9,0.1,REG_WEEKS_14_18_CONFIRMATION,p11_v2_exact,P11_V2_EXACT,0.6,0.3359957097075061,-1,settle,56,56,-64.61564031552511,-0.11538507199200917,0.13386363636363646,0.5714285714285714,116.28818292711009,0.731439566435889,-0.04887553990801926,-8.833215637457918,-30.777028570898246,-12.923128063105022,3,5
PRICE_10_90,60,25.0,0.1,0.9,0.1,REG_WEEKS_14_18_CONFIRMATION,baseline_current_dq_cumulative,BASELINE,0.8,6.122135242000772,1,15m,34,23,-41.29300401279978,-0.12145001180235226,-0.27749999999999997,0.38235294117647056,51.60883567569027,0.6421791934424147,-0.012831030778703298,-11.891443850267379,-16.405471910886344,-8.258600802559958,2,5
PRICE_10_90,60,25.0,0.1,0.9,0.1,REG_WEEKS_14_18_CONFIRMATION,p11_v2_exact,P11_V2_EXACT,0.9,0.7779313984309322,-1,15m,8,6,-2.9485290475407933,-0.036856613094259916,-0.03463213213213212,0.5,4.886427939876217,0.5792818204726752,-0.0043292390546821324,-0.8027777777777784,-0.8450793727265495,-0.5897058095081585,2,5
PRICE_10_90,60,25.0,0.1,0.9,0.1,REG_WEEKS_14_18_CONFIRMATION,p11_v2_exact,P11_V2_EXACT,0.8,0.5741461803163885,-1,30m,31,23,-8.92866965866795,-0.028802160189251445,-0.0025,0.4838709677419355,24.92235854607068,0.7735593953758224,-0.002480368078040674,-3.1211778323539683,-4.733000199240172,-1.7857339317335885,2,5
PRICE_10_90,60,25.0,0.1,0.9,0.1,REG_WEEKS_14_18_CONFIRMATION,p11_v2_exact,P11_V2_EXACT,0.9,0.7779313984309322,-1,5m,10,6,-1.7968504964565852,-0.017968504964565857,-0.027124624624624668,0.3,2.9238243309920966,0.6150530566269896,0.011634860026786164,-0.24722222222222254,-0.5466884298264241,-0.359370099291317,1,5
PRICE_10_90,60,25.0,0.1,0.9,0.1,REG_WEEKS_14_18_CONFIRMATION,baseline_net_yards_007,BASELINE,0.9,7.385,-1,30m,8,6,-8.197164995195394,-0.10246456243994241,-0.10180555555555554,0.375,11.44514479317519,0.4771849561956951,-0.05512149107007973,0.3198275862068972,-2.5076046408301234,-1.6394329990390788,3,5
PRICE_10_90,60,25.0,0.1,0.9,0.1,REG_WEEKS_14_18_CONFIRMATION,baseline_current_dq_cumulative,BASELINE,0.85,6.962058824045694,1,30m,9,8,-30.73471577442166,-0.34149684193801844,-0.6178846153846154,0.3333333333333333,37.87519196489785,0.27427210247603434,-0.03223918125604303,-9.5625,-8.81201891246009,-6.146943154884331,1,5
PRICE_10_90,60,25.0,0.1,0.9,0.1,REG_WEEKS_14_18_CONFIRMATION,tweak_process_outcome_agreement,DQ2_TWEAK_AGREEMENT,0.8,1.5641421815391412,1,settle,69,69,261.4385453823785,0.37889644258315724,-1.0025,0.4927536231884058,58.56606292992515,1.7451045112429748,0.07523405066649305,20.46596999491738,36.473925392459485,52.28770907647571,3,5
PRICE_10_90,60,25.0,0.1,0.9,0.1,REG_WEEKS_14_18_CONFIRMATION,tweak_process_outcome_ensemble,DQ2_TWEAK_ENSEMBLE,0.85,1.5079970473606323,1,settle,69,69,233.40487802610158,0.3382679391682632,-1.0025,0.4927536231884058,59.794223335411175,1.6652080599247647,0.05967759905446178,-11.305753819064176,30.744375880655504,46.680975605220326,3,5
PRICE_10_90,60,25.0,0.1,0.9,0.1,REG_WEEKS_14_18_CONFIRMATION,tweak_process_uncertainty_scaled,DQ2_TWEAK_PRICE_AWARE,0.6,0.4255413557822185,1,settle,72,72,81.09632082761951,0.11263377892724928,-1.0025,0.4722222222222222,92.02574651087312,1.212879172667331,0.02394310029000908,-69.36257504874939,-13.921511216115537,16.219264165523896,2,5
PRICE_10_90,60,25.0,0.1,0.9,0.1,REG_WEEKS_14_18_CONFIRMATION,tweak_outcome_epa_agreement,DQ2_TWEAK_AGREEMENT,0.8,1.3042297086372814,-1,settle,38,38,24.521554532223412,0.06453040666374577,-1.0025,0.3157894736842105,102.83155737704917,1.0940784750900572,-0.01634337362031484,-21.937962962962956,-15.792206900225755,4.904310906444674,2,5
PRICE_10_90,60,25.0,0.1,0.9,0.1,REG_WEEKS_14_18_CONFIRMATION,tweak_process_epa_ensemble,DQ2_TWEAK_ENSEMBLE,0.8,0.9452602120503795,1,settle,69,69,158.0832906035999,0.2291062182660868,0.10861111111111116,0.5362318840579711,61.70074680688424,1.4927783372930172,0.04944724294889391,12.927014771043389,18.166090424386816,31.616658120719983,3,5
PRICE_10_90,60,25.0,0.1,0.9,0.1,REG_WEEKS_14_18_CONFIRMATION,tweak_outcome_remaining_time_scaled,DQ2_TWEAK_TIME_AWARE,0.9,0.1955260315222922,-1,settle,62,62,192.158580982792,0.30993319513353534,0.1403944618599791,0.5645161290322581,57.621974439227984,1.7099236389869477,0.0577490910490889,0.9139846086353849,22.644518752635605,38.4317161965584,4,5
PRICE_10_90,60,25.0,0.1,0.9,0.1,REG_WEEKS_14_18_CONFIRMATION,tweak_market_uncertainty_scaled,DQ2_TWEAK_PRICE_AWARE,0.85,1.1654701584764322,-1,30m,77,50,5.590638761962826,0.007260569820730947,-0.0025,0.4805194805194805,37.03979336628815,1.045524712774248,0.008088760124938,-19.529760064279273,-6.686702201051711,1.1181277523925643,2,5
PRICE_10_90,60,25.0,0.1,0.9,0.1,REG_WEEKS_14_18_CONFIRMATION,tweak_process_outcome_epa_ensemble,DQ2_TWEAK_ENSEMBLE,0.6,0.5590538939184704,1,settle,74,74,92.6084354581909,0.1251465344029607,-1.0025,0.4594594594594595,78.7448147695552,1.230943729322172,0.017930585099838248,-12.660690820396926,-0.9818935751656852,18.52168709163819,3,5
PRICE_10_90,60,25.0,0.1,0.9,0.1,REG_WEEKS_14_18_CONFIRMATION,tweak_outcome_epa_agreement,DQ2_TWEAK_AGREEMENT,0.85,1.5000079826371508,1,5m,65,28,3.5408977839494002,0.005447535052229846,-0.016198630136986355,0.4153846153846154,9.936357333170967,1.1299381235284593,0.016706708209228968,1.0150253239764115,-1.4022627817984568,0.7081795567898802,3,5
PRICE_10_90,60,25.0,0.1,0.9,0.1,REG_WEEKS_14_18_CONFIRMATION,tweak_outcome_epa_agreement,DQ2_TWEAK_AGREEMENT,0.7,1.1083703175196418,-1,30m,68,47,-26.891931363369206,-0.03954695788730768,-0.1506818181818182,0.3382352941176471,58.8644769370177,0.8355721591668434,-0.012050892393133235,1.6249970922915828,-17.070781474903697,-5.378386272673841,3,5
PRICE_10_90,60,25.0,0.1,0.9,0.1,POSTSEASON_FINAL_AUDIT,dq2_outcome_hgb_l15_r10_surprise_ewm10,DQ2_EPA_HGB,0.6,0.0808722506529674,1,settle,12,12,-7.4822998763287885,-0.06235249896940657,-0.34460526315789464,0.5,27.75911517925247,0.875605987093453,0.06005111775270667,-6.674184782608695,-5.629949969082197,-1.8705749690821971,2,4
PRICE_10_90,60,25.0,0.1,0.9,0.1,POSTSEASON_FINAL_AUDIT,dq2_outcome_hgb_l7_r5_surprise_ewm5,DQ2_EPA_HGB,0.7,0.1476416999738668,1,settle,12,12,-15.495367736595295,-0.12912806447162747,-1.0025,0.4166666666666667,45.30297482837528,0.7791896296887026,0.0007713601858308633,-6.674184782608695,-8.886341934148824,-3.8738419341488237,2,4
PRICE_10_90,60,25.0,0.1,0.9,0.1,POSTSEASON_FINAL_AUDIT,dq2_outcome_hgb_l7_r5_surprise_ewm10,DQ2_EPA_HGB,0.6,0.0875126599862819,1,settle,12,12,-42.26753883579642,-0.3522294902983036,-1.0025,0.3333333333333333,45.30297482837528,0.47297333122448343,-0.0894875376729511,-15.977302631578945,-15.579384708949105,-10.566884708949106,1,4
PRICE_10_90,60,25.0,0.1,0.9,0.1,POSTSEASON_FINAL_AUDIT,p11_cvw0.5_k3_c0.1_tnone,P11_V2_GRID,0.6,3.1930212085612006,1,settle,11,11,-41.986134538966816,-0.38169213217242565,-1.0025,0.36363636363636365,41.93613453896682,0.40169384340624414,-0.081470594511579,-20.993067269483408,-16.762158634741702,-10.496533634741704,0,4
PRICE_10_90,60,25.0,0.1,0.9,0.1,POSTSEASON_FINAL_AUDIT,p11_cvw0.5_k3_c0.1_tremaining_linear,P11_V2_GRID,0.6,0.15965106042806,1,settle,11,11,-41.986134538966816,-0.38169213217242565,-1.0025,0.36363636363636365,41.93613453896682,0.40169384340624414,-0.081470594511579,-20.993067269483408,-16.762158634741702,-10.496533634741704,0,4
PRICE_10_90,60,25.0,0.1,0.9,0.1,POSTSEASON_FINAL_AUDIT,p11_cvw0.5_k3_c0.1_telapsed_sqrt,P11_V2_GRID,0.6,3.1828501141215737,1,settle,11,11,-41.577971273660694,-0.3779815570332791,-1.0025,0.36363636363636365,41.93613453896682,0.4075102062891244,-0.08143804354888333,-20.788985636830347,-16.660117818415173,-10.394492818415173,0,4
PRICE_10_90,60,25.0,0.1,0.9,0.1,POSTSEASON_FINAL_AUDIT,p11_cvw0.5_k3_c0.1_tp11_cosine,P11_V2_GRID,0.6,0.3221907791020931,1,settle,11,11,-41.986134538966816,-0.38169213217242565,-1.0025,0.36363636363636365,41.93613453896682,0.40169384340624414,-0.08124790167434633,-20.993067269483408,-16.762158634741702,-10.496533634741704,0,4
PRICE_10_90,60,25.0,0.1,0.9,0.1,POSTSEASON_FINAL_AUDIT,dq2_process_hgb_l15_r10_surprise_ewm5,DQ2_EPA_HGB,0.8,0.5176337005850116,-1,settle,12,12,34.70786441289874,0.28923220344082284,0.4364233954451347,0.75,10.024999999999999,2.1540437045020364,0.17744049016316274,9.366431525398921,7.423841103224687,8.676966103224686,3,4
PRICE_10_90,60,25.0,0.1,0.9,0.1,POSTSEASON_FINAL_AUDIT,dq2_process_hgb_l7_r5_surprise_ewm10,DQ2_EPA_HGB,0.6,0.2542854895101879,1,settle,12,12,-11.745297108417546,-0.0978774759034796,-1.0025,0.4166666666666667,28.385869565217387,0.8326284701329885,0.026694476922378793,-8.887335722819591,-9.201949277104386,-2.936324277104387,2,4
PRICE_10_90,60,25.0,0.1,0.9,0.1,POSTSEASON_FINAL_AUDIT,dq2_market_hgb_15m_l7_r5,DQ2_MARKET_HGB,0.8,0.0398489669697667,-1,30m,7,6,-1.8914085622950791,-0.02702012231850112,-0.025755813953488412,0.42857142857142855,2.3166666666666664,0.7711912606410545,0.0046650189139693975,0.05102862254025067,-0.7624354739071031,-0.4728521405737698,2,4
PRICE_10_90,60,25.0,0.1,0.9,0.1,POSTSEASON_FINAL_AUDIT,dq2_market_hgb_15m_l7_r5,DQ2_MARKET_HGB,0.85,0.0461950882524378,-1,30m,4,4,-6.918162393162391,-0.17295405982905976,-0.17263888888888884,0.25,3.4527777777777766,0.049412800939518615,-0.06656351799747709,0.0,-2.16113782051282,-1.7295405982905978,1,4
PRICE_10_90,60,25.0,0.1,0.9,0.1,POSTSEASON_FINAL_AUDIT,dq2_market_hgb_15m_l15_r10,DQ2_MARKET_HGB,0.95,0.0855382209696666,-1,5m,0,0,0.0,,,,0.0,,,0.0,0.0,0.0,0,4
PRICE_10_90,60,25.0,0.1,0.9,0.1,POSTSEASON_FINAL_AUDIT,dq2_market_hgb_15m_l31_r20,DQ2_MARKET_HGB,0.7,0.0415017778949682,1,settle,12,12,18.89546520467978,0.15746221003899816,0.4717524916943522,0.5833333333333334,39.31632379248658,1.3769668868764045,0.11097871843519025,-7.928365384615383,0.9644913011699452,4.723866301169943,1,4
PRICE_10_90,60,25.0,0.1,0.9,0.1,POSTSEASON_FINAL_AUDIT,prior_sq_process_adjustment_ewm5,PRIOR_SQ_EPA,0.8,0.628218750930896,-1,30m,33,12,-10.85320530525949,-0.03288850092502876,-0.0025,0.45454545454545453,21.258995103696346,0.7426308534178117,-0.0003175178970518187,-6.003645457117523,-6.0268189077203,-2.7133013263148715,1,4
PRICE_10_90,60,25.0,0.1,0.9,0.1,POSTSEASON_FINAL_AUDIT,baseline_cumulative_epa,BASELINE,0.8,14.412759758532047,-1,30m,7,4,25.31177248677249,0.36159674981103557,0.2832142857142856,0.5714285714285714,9.062037037037037,2.4237130506595643,0.08022819489682427,3.9035714285714276,5.195188492063492,6.327943121693123,2,4
PRICE_10_90,60,25.0,0.1,0.9,0.1,POSTSEASON_FINAL_AUDIT,baseline_cumulative_epa,BASELINE,0.7,10.731233805418007,1,settle,9,9,6.553994150185696,0.07282215722428548,0.2962012987012987,0.7777777777777778,10.024999999999999,1.3268825012561445,0.045919662371095064,2.7996753246753254,1.6384985375464238,1.6384985375464238,3,4
PRICE_10_90,60,25.0,0.1,0.9,0.1,POSTSEASON_FINAL_AUDIT,baseline_net_yards_007,BASELINE,0.9,7.385,-1,5m,6,3,-1.653521042646961,-0.027558684044116027,-0.008181818181818177,0.3333333333333333,2.4504388508661403,0.34944746259066284,-0.006706483639423166,0.0,-0.49407576997170727,-0.4133802606617403,1,4
PRICE_10_90,60,25.0,0.1,0.9,0.1,POSTSEASON_FINAL_AUDIT,p11_v2_exact,P11_V2_EXACT,0.6,0.3359957097075061,-1,settle,9,9,5.01960196267973,0.05577335514088591,0.26332278481012644,0.6666666666666666,20.049999999999997,1.1669028084016535,0.03074046101099694,-1.3156954887218033,0.0017754906699325446,1.2549004906699324,1,4
PRICE_10_90,60,25.0,0.1,0.9,0.1,POSTSEASON_FINAL_AUDIT,baseline_current_dq_cumulative,BASELINE,0.8,6.122135242000772,1,15m,3,1,-4.075000000000001,-0.13583333333333336,-0.0025,0.3333333333333333,5.05,0.1930693069306928,-0.008978404483076297,0.0,-1.6500000000000004,-1.0187500000000003,0,4
PRICE_10_90,60,25.0,0.1,0.9,0.1,POSTSEASON_FINAL_AUDIT,p11_v2_exact,P11_V2_EXACT,0.9,0.7779313984309322,-1,15m,5,2,-1.7580817189878544,-0.03516163437975709,-0.03583333333333333,0.4,4.238755020080321,0.6191905111059071,-0.02228288510010079,-0.07538759689922457,-0.9245731405903369,-0.4395204297469636,0,4
PRICE_10_90,60,25.0,0.1,0.9,0.1,POSTSEASON_FINAL_AUDIT,p11_v2_exact,P11_V2_EXACT,0.8,0.5741461803163885,-1,30m,6,3,-11.705527284152657,-0.19509212140254428,-0.06916666666666665,0.16666666666666666,11.99260593583805,0.03499088292733177,-0.14474465544498114,-1.7021154759908321,-3.9932280854059803,-2.9263818210381642,0,4
PRICE_10_90,60,25.0,0.1,0.9,0.1,POSTSEASON_FINAL_AUDIT,p11_v2_exact,P11_V2_EXACT,0.9,0.7779313984309322,-1,5m,7,2,-0.8714567218840125,-0.012449381741200178,-0.0025,0.2857142857142857,0.6042850047122944,0.25197394892120395,0.0026119411540982567,-0.07083773784355163,-0.3016846897809702,-0.2178641804710031,0,4
PRICE_10_90,60,25.0,0.1,0.9,0.1,POSTSEASON_FINAL_AUDIT,baseline_net_yards_007,BASELINE,0.9,7.385,-1,30m,2,2,-2.438127853881279,-0.12190639269406395,-0.12190639269406395,0.0,0.3583333333333334,0.0,-0.0685156224508795,-0.17916666666666664,-0.6095319634703198,-0.6095319634703198,0,4
PRICE_10_90,60,25.0,0.1,0.9,0.1,POSTSEASON_FINAL_AUDIT,baseline_current_dq_cumulative,BASELINE,0.85,6.962058824045694,1,30m,1,1,1.9749999999999996,0.19749999999999995,0.19749999999999995,1.0,0.0,,0.021625496817856943,0.0,0.4937499999999999,0.4937499999999999,1,4
PRICE_10_90,60,25.0,0.1,0.9,0.1,POSTSEASON_FINAL_AUDIT,tweak_process_outcome_agreement,DQ2_TWEAK_AGREEMENT,0.8,1.5641421815391412,1,settle,12,12,14.364358047454466,0.11970298372878718,-1.0025,0.4166666666666667,40.099999999999994,1.2046933815098608,0.030335330009891904,6.5904069767441875,-0.1682854881363829,3.5910895118636166,2,4
PRICE_10_90,60,25.0,0.1,0.9,0.1,POSTSEASON_FINAL_AUDIT,tweak_process_outcome_ensemble,DQ2_TWEAK_ENSEMBLE,0.85,1.5079970473606323,1,settle,12,12,-7.152325471251302,-0.059602712260427536,-1.0025,0.3333333333333333,48.43586956521739,0.9108188843983628,-0.03978056740081323,-6.674184782608695,-6.800581367812824,-1.7880813678128247,2,4
PRICE_10_90,60,25.0,0.1,0.9,0.1,POSTSEASON_FINAL_AUDIT,tweak_process_uncertainty_scaled,DQ2_TWEAK_PRICE_AWARE,0.6,0.4255413557822185,1,settle,12,12,-39.842159295479966,-0.33201799412899974,-1.0025,0.4166666666666667,41.58186517783291,0.43224568157492027,-0.07374658464542398,-16.729166666666664,-17.47928982386999,-9.960539823869992,0,4
PRICE_10_90,60,25.0,0.1,0.9,0.1,POSTSEASON_FINAL_AUDIT,tweak_outcome_epa_agreement,DQ2_TWEAK_AGREEMENT,0.8,1.3042297086372814,-1,settle,6,6,-6.152805049088354,-0.10254675081813924,-1.0025,0.3333333333333333,30.074999999999996,0.846563465110016,-0.057798458267955995,-5.012499999999999,-5.297576262272088,-1.5382012622720884,1,4
PRICE_10_90,60,25.0,0.1,0.9,0.1,POSTSEASON_FINAL_AUDIT,tweak_process_epa_ensemble,DQ2_TWEAK_ENSEMBLE,0.8,0.9452602120503795,1,settle,12,12,-38.204601208073264,-0.3183716767339439,-1.0025,0.3333333333333333,45.22462686567164,0.5236334013955951,-0.1250084967212579,-7.57481343283582,-14.563650302018315,-9.551150302018316,1,4
PRICE_10_90,60,25.0,0.1,0.9,0.1,POSTSEASON_FINAL_AUDIT,tweak_outcome_remaining_time_scaled,DQ2_TWEAK_TIME_AWARE,0.9,0.1955260315222922,-1,settle,11,11,24.21589503287729,0.22014450029888447,0.33083333333333326,0.6363636363636364,20.049999999999997,1.603887656680232,0.055721555114440637,9.04187822133709,2.294598758219325,6.053973758219323,3,4
PRICE_10_90,60,25.0,0.1,0.9,0.1,POSTSEASON_FINAL_AUDIT,tweak_market_uncertainty_scaled,DQ2_TWEAK_PRICE_AWARE,0.85,1.1654701584764322,-1,30m,12,8,-22.108868656773147,-0.18424057213977618,-0.2380510752688172,0.4166666666666667,19.754291091481296,0.21788151282486298,-0.06313482536163433,-3.458657754846778,-7.6860868839617815,-5.527217164193287,2,4
PRICE_10_90,60,25.0,0.1,0.9,0.1,POSTSEASON_FINAL_AUDIT,tweak_process_outcome_epa_ensemble,DQ2_TWEAK_ENSEMBLE,0.6,0.5590538939184704,1,settle,12,12,-12.675658453146013,-0.10563048710955014,-1.0025,0.4166666666666667,48.43586956521739,0.8193707381097824,0.021854200472723656,-6.674184782608695,-8.181414613286503,-3.1689146132865025,2,4
PRICE_10_90,60,25.0,0.1,0.9,0.1,POSTSEASON_FINAL_AUDIT,tweak_outcome_epa_agreement,DQ2_TWEAK_AGREEMENT,0.85,1.5000079826371508,1,5m,12,5,-7.211932479354275,-0.06009943732795229,-0.0671409749670619,0.25,7.329789622211419,0.18300684276660056,-0.0289077100223573,-1.9054100790513826,-2.484453034736208,-1.8029831198385686,0,4
PRICE_10_90,60,25.0,0.1,0.9,0.1,POSTSEASON_FINAL_AUDIT,tweak_outcome_epa_agreement,DQ2_TWEAK_AGREEMENT,0.7,1.1083703175196418,-1,30m,12,7,16.772725326119446,0.13977271105099537,-0.14680894308943088,0.25,10.106582526053675,1.6217739230451975,0.006876987319072529,1.3321989302967556,3.0388859036813027,4.193181331529861,2,4
PRICE_15_85,60,25.0,0.15,0.85,0.1,REG_WEEKS_14_18_CONFIRMATION,dq2_outcome_hgb_l15_r10_surprise_ewm10,DQ2_EPA_HGB,0.6,0.0808722506529674,1,settle,70,70,125.4084998468598,0.17915499978122826,0.18236073674752923,0.5285714285714286,58.81236786469346,1.3790780619568044,0.04605949452515797,6.1340636918337665,10.166215474429555,25.081699969371954,5,5
PRICE_15_85,60,25.0,0.15,0.85,0.1,REG_WEEKS_14_18_CONFIRMATION,dq2_outcome_hgb_l7_r5_surprise_ewm5,DQ2_EPA_HGB,0.7,0.1476416999738668,1,settle,70,70,129.97800627352964,0.18568286610504228,-0.41426470588235287,0.5,135.85209437684364,1.3704396331272668,0.031338918336154896,9.408666201610728,5.061507209770459,25.995601254705928,4,5
PRICE_15_85,60,25.0,0.15,0.85,0.1,REG_WEEKS_14_18_CONFIRMATION,dq2_outcome_hgb_l7_r5_surprise_ewm10,DQ2_EPA_HGB,0.6,0.0875126599862819,1,settle,70,70,160.04902038135126,0.2286414576876446,0.22564948764315845,0.5571428571428572,83.12316979265587,1.5149996633620835,0.06017440115082252,4.976567263913793,15.069187193153374,32.00980407627026,5,5
PRICE_15_85,60,25.0,0.15,0.85,0.1,REG_WEEKS_14_18_CONFIRMATION,p11_cvw0.5_k3_c0.1_tnone,P11_V2_GRID,0.6,3.1930212085612006,1,settle,61,61,129.08262519259574,0.2116108609714685,0.20231927710843384,0.5081967213114754,51.71835972896977,1.4292024112804518,0.04372237225815736,-1.6247065180888534,11.211920623432377,25.81652503851916,4,5
PRICE_15_85,60,25.0,0.15,0.85,0.1,REG_WEEKS_14_18_CONFIRMATION,p11_cvw0.5_k3_c0.1_tremaining_linear,P11_V2_GRID,0.6,0.15965106042806,1,settle,61,61,129.08262519259574,0.2116108609714685,0.20231927710843384,0.5081967213114754,51.71835972896977,1.4292024112804518,0.04372237225815736,-1.6247065180888534,11.211920623432377,25.81652503851916,4,5
PRICE_15_85,60,25.0,0.15,0.85,0.1,REG_WEEKS_14_18_CONFIRMATION,p11_cvw0.5_k3_c0.1_telapsed_sqrt,P11_V2_GRID,0.6,3.1828501141215737,1,settle,61,61,138.13239894825188,0.22644655565287194,0.20231927710843384,0.5081967213114754,51.71835972896977,1.4592930970847948,0.044853693472854526,7.425067237567255,13.021875374563598,27.626479789650382,4,5
PRICE_15_85,60,25.0,0.15,0.85,0.1,REG_WEEKS_14_18_CONFIRMATION,p11_cvw0.5_k3_c0.1_tp11_cosine,P11_V2_GRID,0.6,0.3221907791020931,1,settle,60,60,139.1076251925958,0.23184604198765965,0.20231927710843384,0.5166666666666667,51.71835972896977,1.4784852530487433,0.050209521613830174,-1.6247065180888534,13.216920623432372,27.821525038519155,4,5
PRICE_15_85,60,25.0,0.15,0.85,0.1,REG_WEEKS_14_18_CONFIRMATION,dq2_process_hgb_l15_r10_surprise_ewm5,DQ2_EPA_HGB,0.8,0.5176337005850116,-1,settle,69,69,4.274626897630284,0.00619511144584099,0.2170121951219512,0.5507246376811594,89.63835311672088,1.0137547321941285,-0.00420456516528634,-32.758142706004676,-17.776040477815027,0.8549253795260547,2,5
PRICE_15_85,60,25.0,0.15,0.85,0.1,REG_WEEKS_14_18_CONFIRMATION,dq2_process_hgb_l7_r5_surprise_ewm10,DQ2_EPA_HGB,0.6,0.2542854895101879,1,settle,71,71,204.56573413741572,0.28812075230621925,0.26332278481012644,0.5492957746478874,62.018181818181816,1.637673734842319,0.10807351170871095,-20.04614144343347,21.799690731807523,40.91314682748316,3,5
PRICE_15_85,60,25.0,0.15,0.85,0.1,REG_WEEKS_14_18_CONFIRMATION,dq2_market_hgb_15m_l7_r5,DQ2_MARKET_HGB,0.8,0.0398489669697667,-1,30m,64,42,40.78021225431151,0.06371908164736174,-0.014695121951219466,0.4375,14.267624271204436,1.5583774964453119,0.028473110502022423,-3.618806768275888,3.2055328091430484,8.156042450862302,3,5
PRICE_15_85,60,25.0,0.15,0.85,0.1,REG_WEEKS_14_18_CONFIRMATION,dq2_market_hgb_15m_l7_r5,DQ2_MARKET_HGB,0.85,0.0461950882524378,-1,30m,42,29,38.22618381387327,0.09101472336636492,-0.007750677506775047,0.5,24.59260182332015,1.6271291290317162,0.031862761052838466,0.7030204377373268,3.160038070650802,7.645236762774654,4,5
PRICE_15_85,60,25.0,0.15,0.85,0.1,REG_WEEKS_14_18_CONFIRMATION,dq2_market_hgb_15m_l15_r10,DQ2_MARKET_HGB,0.95,0.0855382209696666,-1,5m,24,17,-14.90838546052671,-0.062118272752194614,-0.07293650793650791,0.2916666666666667,17.606831905335106,0.39901841835349766,-0.020338123135683017,-0.9565194832052756,-4.947717265410696,-2.981677092105342,3,5
PRICE_15_85,60,25.0,0.15,0.85,0.1,REG_WEEKS_14_18_CONFIRMATION,dq2_market_hgb_15m_l31_r20,DQ2_MARKET_HGB,0.7,0.0415017778949682,1,settle,67,67,24.814675446600795,0.037036829024777285,-1.0025,0.44776119402985076,81.92911247367769,1.0668994417917395,0.002197930954174225,26.745315956001924,-17.945414966421204,4.9629350893201565,3,5
PRICE_15_85,60,25.0,0.15,0.85,0.1,REG_WEEKS_14_18_CONFIRMATION,prior_sq_process_adjustment_ewm5,PRIOR_SQ_EPA,0.8,0.628218750930896,-1,30m,160,59,43.496717895029896,0.02718544868439369,-0.015248048145738487,0.475,64.29784803098941,1.151273752839856,0.011335733296532851,-18.61284854566463,-4.9073348706940765,8.699343579005973,2,5
PRICE_15_85,60,25.0,0.15,0.85,0.1,REG_WEEKS_14_18_CONFIRMATION,baseline_cumulative_epa,BASELINE,0.8,14.412759758532047,-1,30m,26,18,21.40986440148845,0.08234563231341713,0.040978260869565186,0.5,11.324509803921567,1.4277325383596997,0.03881332463136647,-0.7112567490764428,0.5087227662986026,4.2819728802976895,5,5
PRICE_15_85,60,25.0,0.15,0.85,0.1,REG_WEEKS_14_18_CONFIRMATION,baseline_cumulative_epa,BASELINE,0.7,10.731233805418007,1,settle,42,42,12.118376674818059,0.028853277797185845,0.19514773379231215,0.6904761904761905,56.42642321335713,1.0929858175700595,0.009685517048280448,-3.151131886467141,-7.424560242887051,2.4236753349636118,3,5
PRICE_15_85,60,25.0,0.15,0.85,0.1,REG_WEEKS_14_18_CONFIRMATION,baseline_net_yards_007,BASELINE,0.9,7.385,-1,5m,11,5,-3.6177127364353234,-0.03288829760395749,-0.032350746268656694,0.45454545454545453,4.098931623931623,0.5005589787333431,-0.005659214502854822,-1.2140929916850505,-1.133435709680227,-0.7235425472870647,1,5
PRICE_15_85,60,25.0,0.15,0.85,0.1,REG_WEEKS_14_18_CONFIRMATION,p11_v2_exact,P11_V2_EXACT,0.6,0.3359957097075061,-1,settle,52,52,-65.37431965673798,-0.1257198454937269,0.23206790123456783,0.5384615384615384,116.28818292711009,0.7282862857159683,-0.057204775292702174,-9.067900609786566,-30.928764439140814,-13.074863931347597,3,5
PRICE_15_85,60,25.0,0.15,0.85,0.1,REG_WEEKS_14_18_CONFIRMATION,baseline_current_dq_cumulative,BASELINE,0.8,6.122135242000772,1,15m,29,20,-53.003952275063824,-0.18277224922435806,-0.3080555555555556,0.41379310344827586,58.760551473883154,0.495607169723255,-0.020872823656347624,-14.98235294117647,-18.140509360703085,-10.600790455012767,1,5
PRICE_15_85,60,25.0,0.15,0.85,0.1,REG_WEEKS_14_18_CONFIRMATION,p11_v2_exact,P11_V2_EXACT,0.9,0.7779313984309322,-1,15m,5,4,-4.536796770835507,-0.09073593541671016,-0.13191176470588234,0.4,4.646931905970643,0.22737578645582665,-0.03881711259555391,-1.3191176470588233,-1.1293715492890528,-0.9073593541671015,1,5
PRICE_15_85,60,25.0,0.15,0.85,0.1,REG_WEEKS_14_18_CONFIRMATION,p11_v2_exact,P11_V2_EXACT,0.8,0.5741461803163885,-1,30m,28,20,-8.880225614430547,-0.031715091480109106,-0.0025,0.4642857142857143,25.096557697042403,0.7754829304392084,-0.004867551979447112,-3.4410054185608656,-4.723311390392691,-1.7760451228861094,2,5
PRICE_15_85,60,25.0,0.15,0.85,0.1,REG_WEEKS_14_18_CONFIRMATION,p11_v2_exact,P11_V2_EXACT,0.9,0.7779313984309322,-1,5m,6,4,-2.617639336721117,-0.043627322278685286,-0.06729556479556487,0.3333333333333333,2.322369066450846,0.2893594910887069,-0.0024024380900212194,-0.2952702702702708,-0.6371389784553345,-0.5235278673442234,1,5
PRICE_15_85,60,25.0,0.15,0.85,0.1,REG_WEEKS_14_18_CONFIRMATION,baseline_net_yards_007,BASELINE,0.9,7.385,-1,30m,6,4,-8.38088147029118,-0.13968135783818633,-0.21529761904761902,0.3333333333333333,4.30595238095238,0.4607865217185193,-0.08106945008415113,0.0,-1.6761762940582359,-1.6761762940582359,2,5
PRICE_15_85,60,25.0,0.15,0.85,0.1,REG_WEEKS_14_18_CONFIRMATION,baseline_current_dq_cumulative,BASELINE,0.85,6.962058824045694,1,30m,5,4,-14.23844537815126,-0.2847689075630252,-0.6495588235294117,0.4,16.187254901960785,0.427690410982039,-0.04126605889375061,0.0,-3.8168557422969185,-2.847689075630252,1,5
PRICE_15_85,60,25.0,0.15,0.85,0.1,REG_WEEKS_14_18_CONFIRMATION,tweak_process_outcome_agreement,DQ2_TWEAK_AGREEMENT,0.8,1.5641421815391412,1,settle,66,66,117.6286319391687,0.17822519990783137,-1.0025,0.4696969696969697,67.30882352941175,1.335243696299733,0.03303017091753896,22.013086731907528,9.227094218969018,23.52572638783375,3,5
PRICE_15_85,60,25.0,0.15,0.85,0.1,REG_WEEKS_14_18_CONFIRMATION,tweak_process_outcome_ensemble,DQ2_TWEAK_ENSEMBLE,0.85,1.5079970473606323,1,settle,66,66,89.5949645828918,0.13574994633771484,-1.0025,0.4696969696969697,67.30882352941175,1.255347244981523,0.016766607868597183,-0.009717782535155095,4.292027414380298,17.91899291657836,3,5
PRICE_15_85,60,25.0,0.15,0.85,0.1,REG_WEEKS_14_18_CONFIRMATION,tweak_process_uncertainty_scaled,DQ2_TWEAK_PRICE_AWARE,0.6,0.4255413557822185,1,settle,71,71,105.12969724338046,0.1480699961174373,-1.0025,0.49295774647887325,87.59177215189877,1.2912986900620134,0.0316266047105623,-67.81545831175924,-7.6689384970659065,21.02593944867609,2,5
PRICE_15_85,60,25.0,0.15,0.85,0.1,REG_WEEKS_14_18_CONFIRMATION,tweak_outcome_epa_agreement,DQ2_TWEAK_AGREEMENT,0.8,1.3042297086372814,-1,settle,34,34,53.25791816858704,0.15664093578996183,-1.0025,0.3235294117647059,92.8065573770492,1.230978719152497,-0.01493880825653335,-21.937962962962956,-7.0374341729530325,10.651583633717403,2,5
PRICE_15_85,60,25.0,0.15,0.85,0.1,REG_WEEKS_14_18_CONFIRMATION,tweak_process_epa_ensemble,DQ2_TWEAK_ENSEMBLE,0.8,0.9452602120503795,1,settle,65,65,41.98609523734261,0.06459399267283478,-1.0025,0.47692307692307695,78.44241347355091,1.1231805639939643,0.014607542406967116,1.8159036599322746,-6.836126426642423,8.39721904746852,3,5
PRICE_15_85,60,25.0,0.15,0.85,0.1,REG_WEEKS_14_18_CONFIRMATION,tweak_outcome_remaining_time_scaled,DQ2_TWEAK_TIME_AWARE,0.9,0.1955260315222922,-1,settle,57,57,185.4498250925604,0.3253505703378252,0.2170121951219512,0.5263157894736842,67.64697443922799,1.6851383581511423,0.04707436867570029,8.376754319239737,20.300267574589284,37.089965018512075,4,5
PRICE_15_85,60,25.0,0.15,0.85,0.1,REG_WEEKS_14_18_CONFIRMATION,tweak_market_uncertainty_scaled,DQ2_TWEAK_PRICE_AWARE,0.85,1.1654701584764322,-1,30m,75,49,5.7349174653077855,0.00764655662041038,-0.0025,0.48,37.03979336628815,1.0470535689090918,0.008191038391847242,-19.2629587503082,-6.5654588199332835,1.1469834930615554,2,5
PRICE_15_85,60,25.0,0.15,0.85,0.1,REG_WEEKS_14_18_CONFIRMATION,tweak_process_outcome_epa_ensemble,DQ2_TWEAK_ENSEMBLE,0.6,0.5590538939184704,1,settle,70,70,57.49702112554865,0.08213860160792663,-1.0025,0.4714285714285714,80.1293631213789,1.155009829818828,0.0021162559745426216,-12.660690820396926,-8.082509775027475,11.499404225109728,3,5
PRICE_15_85,60,25.0,0.15,0.85,0.1,REG_WEEKS_14_18_CONFIRMATION,tweak_outcome_epa_agreement,DQ2_TWEAK_AGREEMENT,0.85,1.5000079826371508,1,5m,56,28,4.978201251665864,0.008889645092260465,-0.01566017316017315,0.44642857142857145,10.520767171227128,1.2061307342284004,0.019291916522858034,1.4844697684208565,-1.163083235736392,0.9956402503331724,3,5
PRICE_15_85,60,25.0,0.15,0.85,0.1,REG_WEEKS_14_18_CONFIRMATION,tweak_outcome_epa_agreement,DQ2_TWEAK_AGREEMENT,0.7,1.1083703175196418,-1,30m,63,46,-70.2368193185513,-0.11148701479135126,-0.16250000000000003,0.3333333333333333,76.68240755384542,0.5722729995356188,-0.0257273051546205,-31.43902851064462,-25.795818159176626,-14.047363863710256,1,5
PRICE_15_85,60,25.0,0.15,0.85,0.1,POSTSEASON_FINAL_AUDIT,dq2_outcome_hgb_l15_r10_surprise_ewm10,DQ2_EPA_HGB,0.6,0.0808722506529674,1,settle,12,12,-7.4822998763287885,-0.06235249896940657,-0.34460526315789464,0.5,27.75911517925247,0.875605987093453,0.06005111775270667,-6.674184782608695,-5.629949969082197,-1.8705749690821971,2,4
PRICE_15_85,60,25.0,0.15,0.85,0.1,POSTSEASON_FINAL_AUDIT,dq2_outcome_hgb_l7_r5_surprise_ewm5,DQ2_EPA_HGB,0.7,0.1476416999738668,1,settle,12,12,-15.495367736595295,-0.12912806447162747,-1.0025,0.4166666666666667,45.30297482837528,0.7791896296887026,0.0007713601858308633,-6.674184782608695,-8.886341934148824,-3.8738419341488237,2,4
PRICE_15_85,60,25.0,0.15,0.85,0.1,POSTSEASON_FINAL_AUDIT,dq2_outcome_hgb_l7_r5_surprise_ewm10,DQ2_EPA_HGB,0.6,0.0875126599862819,1,settle,12,12,-42.26753883579642,-0.3522294902983036,-1.0025,0.3333333333333333,45.30297482837528,0.47297333122448343,-0.0894875376729511,-15.977302631578945,-15.579384708949105,-10.566884708949106,1,4
PRICE_15_85,60,25.0,0.15,0.85,0.1,POSTSEASON_FINAL_AUDIT,p11_cvw0.5_k3_c0.1_tnone,P11_V2_GRID,0.6,3.1930212085612006,1,settle,11,11,-41.986134538966816,-0.38169213217242565,-1.0025,0.36363636363636365,41.93613453896682,0.40169384340624414,-0.08672649569771806,-20.993067269483408,-16.762158634741702,-10.496533634741704,0,4
PRICE_15_85,60,25.0,0.15,0.85,0.1,POSTSEASON_FINAL_AUDIT,p11_cvw0.5_k3_c0.1_tremaining_linear,P11_V2_GRID,0.6,0.15965106042806,1,settle,11,11,-41.986134538966816,-0.38169213217242565,-1.0025,0.36363636363636365,41.93613453896682,0.40169384340624414,-0.08672649569771806,-20.993067269483408,-16.762158634741702,-10.496533634741704,0,4
PRICE_15_85,60,25.0,0.15,0.85,0.1,POSTSEASON_FINAL_AUDIT,p11_cvw0.5_k3_c0.1_telapsed_sqrt,P11_V2_GRID,0.6,3.1828501141215737,1,settle,11,11,-41.577971273660694,-0.3779815570332791,-1.0025,0.36363636363636365,41.93613453896682,0.4075102062891244,-0.0866939447350224,-20.788985636830347,-16.660117818415173,-10.394492818415173,0,4
PRICE_15_85,60,25.0,0.15,0.85,0.1,POSTSEASON_FINAL_AUDIT,p11_cvw0.5_k3_c0.1_tp11_cosine,P11_V2_GRID,0.6,0.3221907791020931,1,settle,11,11,-41.986134538966816,-0.38169213217242565,-1.0025,0.36363636363636365,41.93613453896682,0.40169384340624414,-0.08650380286048541,-20.993067269483408,-16.762158634741702,-10.496533634741704,0,4
PRICE_15_85,60,25.0,0.15,0.85,0.1,POSTSEASON_FINAL_AUDIT,dq2_process_hgb_l15_r10_surprise_ewm5,DQ2_EPA_HGB,0.8,0.5176337005850116,-1,settle,12,12,34.70786441289874,0.28923220344082284,0.4364233954451347,0.75,10.024999999999999,2.1540437045020364,0.17744049016316274,9.366431525398921,7.423841103224687,8.676966103224686,3,4
PRICE_15_85,60,25.0,0.15,0.85,0.1,POSTSEASON_FINAL_AUDIT,dq2_process_hgb_l7_r5_surprise_ewm10,DQ2_EPA_HGB,0.6,0.2542854895101879,1,settle,12,12,-11.745297108417546,-0.0978774759034796,-1.0025,0.4166666666666667,28.385869565217387,0.8326284701329885,0.026694476922378793,-8.887335722819591,-9.201949277104386,-2.936324277104387,2,4
PRICE_15_85,60,25.0,0.15,0.85,0.1,POSTSEASON_FINAL_AUDIT,dq2_market_hgb_15m_l7_r5,DQ2_MARKET_HGB,0.8,0.0398489669697667,-1,30m,6,5,-1.6338504227601947,-0.02723084037933658,-0.07537449392712547,0.5,2.3166666666666664,0.7959923897101181,0.006737220820812656,0.17980769230769272,-0.698045939023382,-0.40846260569004866,2,4
PRICE_15_85,60,25.0,0.15,0.85,0.1,POSTSEASON_FINAL_AUDIT,dq2_market_hgb_15m_l7_r5,DQ2_MARKET_HGB,0.85,0.0461950882524378,-1,30m,4,4,-6.918162393162391,-0.17295405982905976,-0.17263888888888884,0.25,3.4527777777777766,0.049412800939518615,-0.06656351799747709,0.0,-2.16113782051282,-1.7295405982905978,1,4
PRICE_15_85,60,25.0,0.15,0.85,0.1,POSTSEASON_FINAL_AUDIT,dq2_market_hgb_15m_l15_r10,DQ2_MARKET_HGB,0.95,0.0855382209696666,-1,5m,0,0,0.0,,,,0.0,,,0.0,0.0,0.0,0,4
PRICE_15_85,60,25.0,0.15,0.85,0.1,POSTSEASON_FINAL_AUDIT,dq2_market_hgb_15m_l31_r20,DQ2_MARKET_HGB,0.7,0.0415017778949682,1,settle,11,11,17.292558227935594,0.15720507479941445,0.7832142857142856,0.5454545454545454,40.919230769230765,1.3449886928266452,0.1082018319234931,-7.928365384615383,0.5637645569838985,4.323139556983897,1,4
PRICE_15_85,60,25.0,0.15,0.85,0.1,POSTSEASON_FINAL_AUDIT,prior_sq_process_adjustment_ewm5,PRIOR_SQ_EPA,0.8,0.628218750930896,-1,30m,30,11,-10.160818815779978,-0.03386939605259991,-0.0025,0.4666666666666667,21.424941947550167,0.7495619238111636,-0.0031546417480672346,-6.128105590007889,-5.767173974165484,-2.5402047039449935,1,4
PRICE_15_85,60,25.0,0.15,0.85,0.1,POSTSEASON_FINAL_AUDIT,baseline_cumulative_epa,BASELINE,0.8,14.412759758532047,-1,30m,6,4,-13.798801742919391,-0.22998002904865647,-0.16249999999999998,0.3333333333333333,12.287037037037036,0.286405579278254,-0.03850298838760024,0.0,-4.988705065359477,-3.4497004357298477,1,4
PRICE_15_85,60,25.0,0.15,0.85,0.1,POSTSEASON_FINAL_AUDIT,baseline_cumulative_epa,BASELINE,0.7,10.731233805418007,1,settle,7,7,4.004402730369556,0.05720575329099361,0.40595070422535223,0.7142857142857143,10.024999999999999,1.1997208344323966,0.024680196046468064,2.130357142857143,1.0011006825923887,1.0011006825923887,2,4
PRICE_15_85,60,25.0,0.15,0.85,0.1,POSTSEASON_FINAL_AUDIT,baseline_net_yards_007,BASELINE,0.9,7.385,-1,5m,3,2,-1.58116374877804,-0.052705458292601336,-0.050692771084337285,0.3333333333333333,2.378081556997219,0.3351095364556965,-0.023390167709535354,0.0,-0.45865690104993156,-0.39529093719451,1,4
PRICE_15_85,60,25.0,0.15,0.85,0.1,POSTSEASON_FINAL_AUDIT,p11_v2_exact,P11_V2_EXACT,0.6,0.3359957097075061,-1,settle,9,9,5.548352788852896,0.06164836432058775,0.26332278481012644,0.6666666666666666,20.049999999999997,1.184483883253629,0.037015123626872495,-1.3156954887218033,0.13396319721322403,1.3870881972132239,1,4
PRICE_15_85,60,25.0,0.15,0.85,0.1,POSTSEASON_FINAL_AUDIT,baseline_current_dq_cumulative,BASELINE,0.8,6.122135242000772,1,15m,1,1,-2.691666666666666,-0.2691666666666666,-0.2691666666666666,0.0,0.0,0.0,-0.030978794822461367,0.0,-0.6729166666666665,-0.6729166666666665,0,4
PRICE_15_85,60,25.0,0.15,0.85,0.1,POSTSEASON_FINAL_AUDIT,p11_v2_exact,P11_V2_EXACT,0.9,0.7779313984309322,-1,15m,3,1,-1.6073065251894052,-0.05357688417298018,-0.03779411764705881,0.3333333333333333,3.880421686746987,0.6225529442141198,-0.03986620355441602,0.0,-0.8868793421407246,-0.4018266312973513,0,4
PRICE_15_85,60,25.0,0.15,0.85,0.1,POSTSEASON_FINAL_AUDIT,p11_v2_exact,P11_V2_EXACT,0.8,0.5741461803163885,-1,30m,3,2,-3.9915609565193906,-0.13305203188397968,-0.03821428571428559,0.0,3.609418099376535,0.0,-0.07941291693878377,-0.30475813743218716,-1.0168380239399741,-0.9978902391298476,0,4
PRICE_15_85,60,25.0,0.15,0.85,0.1,POSTSEASON_FINAL_AUDIT,p11_v2_exact,P11_V2_EXACT,0.9,0.7779313984309322,-1,5m,3,1,-0.5569277108433729,-0.018564257028112426,-0.0025,0.0,0.5319277108433729,0.0,-0.006820117413025202,0.0,-0.20572289156626483,-0.13923192771084322,0,4
PRICE_15_85,60,25.0,0.15,0.85,0.1,POSTSEASON_FINAL_AUDIT,baseline_net_yards_007,BASELINE,0.9,7.385,-1,30m,1,1,-2.079794520547946,-0.20797945205479457,-0.20797945205479457,0.0,0.0,0.0,-0.13150051770923155,0.0,-0.5199486301369864,-0.5199486301369864,0,4
PRICE_15_85,60,25.0,0.15,0.85,0.1,POSTSEASON_FINAL_AUDIT,baseline_current_dq_cumulative,BASELINE,0.85,6.962058824045694,1,30m,1,1,-6.6916666666666655,-0.6691666666666666,-0.6691666666666666,0.0,0.0,0.0,-0.08205021954882538,0.0,-1.6729166666666664,-1.6729166666666664,0,4
PRICE_15_85,60,25.0,0.15,0.85,0.1,POSTSEASON_FINAL_AUDIT,tweak_process_outcome_agreement,DQ2_TWEAK_AGREEMENT,0.8,1.5641421815391412,1,settle,12,12,14.364358047454466,0.11970298372878718,-1.0025,0.4166666666666667,40.099999999999994,1.2046933815098608,0.030335330009891904,6.5904069767441875,-0.1682854881363829,3.5910895118636166,2,4
PRICE_15_85,60,25.0,0.15,0.85,0.1,POSTSEASON_FINAL_AUDIT,tweak_process_outcome_ensemble,DQ2_TWEAK_ENSEMBLE,0.85,1.5079970473606323,1,settle,12,12,-7.152325471251302,-0.059602712260427536,-1.0025,0.3333333333333333,48.43586956521739,0.9108188843983628,-0.03978056740081323,-6.674184782608695,-6.800581367812824,-1.7880813678128247,2,4
PRICE_15_85,60,25.0,0.15,0.85,0.1,POSTSEASON_FINAL_AUDIT,tweak_process_uncertainty_scaled,DQ2_TWEAK_PRICE_AWARE,0.6,0.4255413557822185,1,settle,12,12,-39.842159295479966,-0.33201799412899974,-1.0025,0.4166666666666667,41.58186517783291,0.43224568157492027,-0.07374658464542398,-16.729166666666664,-17.47928982386999,-9.960539823869992,0,4
PRICE_15_85,60,25.0,0.15,0.85,0.1,POSTSEASON_FINAL_AUDIT,tweak_outcome_epa_agreement,DQ2_TWEAK_AGREEMENT,0.8,1.3042297086372814,-1,settle,6,6,-6.152805049088354,-0.10254675081813924,-1.0025,0.3333333333333333,30.074999999999996,0.846563465110016,-0.057798458267955995,-5.012499999999999,-5.297576262272088,-1.5382012622720884,1,4
PRICE_15_85,60,25.0,0.15,0.85,0.1,POSTSEASON_FINAL_AUDIT,tweak_process_epa_ensemble,DQ2_TWEAK_ENSEMBLE,0.8,0.9452602120503795,1,settle,12,12,-38.204601208073264,-0.3183716767339439,-1.0025,0.3333333333333333,45.22462686567164,0.5236334013955951,-0.1200393953926403,-7.57481343283582,-14.563650302018315,-9.551150302018316,1,4
PRICE_15_85,60,25.0,0.15,0.85,0.1,POSTSEASON_FINAL_AUDIT,tweak_outcome_remaining_time_scaled,DQ2_TWEAK_TIME_AWARE,0.9,0.1955260315222922,-1,settle,10,10,22.746642159314078,0.22746642159314073,0.41043532338308447,0.6,20.049999999999997,1.5672479341474832,0.04827884818196073,8.307251784555483,1.9272855398285205,5.6866605398285195,3,4
PRICE_15_85,60,25.0,0.15,0.85,0.1,POSTSEASON_FINAL_AUDIT,tweak_market_uncertainty_scaled,DQ2_TWEAK_PRICE_AWARE,0.85,1.1654701584764322,-1,30m,12,8,-22.108868656773147,-0.18424057213977618,-0.2380510752688172,0.4166666666666667,19.754291091481296,0.21788151282486298,-0.06313482536163433,-3.458657754846778,-7.6860868839617815,-5.527217164193287,2,4
PRICE_15_85,60,25.0,0.15,0.85,0.1,POSTSEASON_FINAL_AUDIT,tweak_process_outcome_epa_ensemble,DQ2_TWEAK_ENSEMBLE,0.6,0.5590538939184704,1,settle,12,12,-12.675658453146013,-0.10563048710955014,-1.0025,0.4166666666666667,48.43586956521739,0.8193707381097824,0.021854200472723656,-6.674184782608695,-8.181414613286503,-3.1689146132865025,2,4
PRICE_15_85,60,25.0,0.15,0.85,0.1,POSTSEASON_FINAL_AUDIT,tweak_outcome_epa_agreement,DQ2_TWEAK_AGREEMENT,0.85,1.5000079826371508,1,5m,8,5,-4.99804732236567,-0.06247559152957087,-0.06415561287153021,0.25,5.115904465222812,0.15633917943270403,-0.028225410055667748,-1.9054100790513826,-1.654246100865481,-1.2495118305914175,0,4
PRICE_15_85,60,25.0,0.15,0.85,0.1,POSTSEASON_FINAL_AUDIT,tweak_outcome_epa_agreement,DQ2_TWEAK_AGREEMENT,0.7,1.1083703175196418,-1,30m,11,7,-19.56754078032312,-0.17788673436657385,-0.12445121951219512,0.2727272727272727,13.33158252605367,0.1562011483021269,-0.04398443246868959,-3.982862903225806,-6.312588100554535,-4.89188519508078,1,4
SPREAD_MAX_05,60,25.0,0.05,0.95,0.05,REG_WEEKS_14_18_CONFIRMATION,dq2_outcome_hgb_l15_r10_surprise_ewm10,DQ2_EPA_HGB,0.6,0.0808722506529674,1,settle,78,78,53.89358923504576,0.06909434517313556,-1.0025,0.48717948717948717,69.9591669568605,1.1343979781422588,0.0341372183638056,-18.880549713304283,-8.624369041219365,10.778717847009153,3,5
SPREAD_MAX_05,60,25.0,0.05,0.95,0.05,REG_WEEKS_14_18_CONFIRMATION,dq2_outcome_hgb_l7_r5_surprise_ewm5,DQ2_EPA_HGB,0.7,0.1476416999738668,1,settle,78,78,44.89849498333141,0.05756217305555305,-1.0025,0.44871794871794873,161.84365555827821,1.1041547178178543,0.015233396934444633,-19.91093284332312,-16.497221379178608,8.97969899666628,3,5
SPREAD_MAX_05,60,25.0,0.05,0.95,0.05,REG_WEEKS_14_18_CONFIRMATION,dq2_outcome_hgb_l7_r5_surprise_ewm10,DQ2_EPA_HGB,0.6,0.0875126599862819,1,settle,78,78,99.05553059652937,0.1269942699955504,0.06704930221917177,0.5256410256410257,105.80639764075713,1.2670500251978958,0.04811098527685571,-5.573934071211539,-1.092926701880701,19.811106119305872,4,5
SPREAD_MAX_05,60,25.0,0.05,0.95,0.05,REG_WEEKS_14_18_CONFIRMATION,p11_cvw0.5_k3_c0.1_tnone,P11_V2_GRID,0.6,3.1930212085612006,1,settle,74,74,31.675960146659854,0.04280535154954039,-1.0025,0.4594594594594595,67.86584299283228,1.0789924193183538,0.03156538964079122,-1.6247065180888534,-13.849677953520375,6.335192029331975,3,5
SPREAD_MAX_05,60,25.0,0.05,0.95,0.05,REG_WEEKS_14_18_CONFIRMATION,p11_cvw0.5_k3_c0.1_tremaining_linear,P11_V2_GRID,0.6,0.15965106042806,1,settle,74,74,31.675960146659854,0.04280535154954039,-1.0025,0.4594594594594595,67.86584299283228,1.0789924193183538,0.03156538964079122,-1.6247065180888534,-13.849677953520375,6.335192029331975,3,5
SPREAD_MAX_05,60,25.0,0.05,0.95,0.05,REG_WEEKS_14_18_CONFIRMATION,p11_cvw0.5_k3_c0.1_telapsed_sqrt,P11_V2_GRID,0.6,3.1828501141215737,1,settle,74,74,40.72573390231596,0.05503477554367027,-1.0025,0.4594594594594595,67.86584299283228,1.101560433671611,0.032497965236690234,-0.6293057537732842,-12.039723202389151,8.145146780463197,3,5
SPREAD_MAX_05,60,25.0,0.05,0.95,0.05,REG_WEEKS_14_18_CONFIRMATION,p11_cvw0.5_k3_c0.1_tp11_cosine,P11_V2_GRID,0.6,0.3221907791020931,1,settle,73,73,41.70096014665987,0.057124602940629994,-1.0025,0.4657534246575342,67.86584299283228,1.1066588916085685,0.03673075921233919,-1.6247065180888534,-11.844677953520378,8.340192029331973,3,5
SPREAD_MAX_05,60,25.0,0.05,0.95,0.05,REG_WEEKS_14_18_CONFIRMATION,dq2_process_hgb_l15_r10_surprise_ewm5,DQ2_EPA_HGB,0.8,0.5176337005850116,-1,settle,77,77,11.169939481314444,0.014506414910797957,0.16029069767441867,0.5974025974025974,101.65150060026787,1.0359422073246385,0.0096901670532803,-19.307818980023058,-16.371194582276104,2.233987896262886,2,5
SPREAD_MAX_05,60,25.0,0.05,0.95,0.05,REG_WEEKS_14_18_CONFIRMATION,dq2_process_hgb_l7_r5_surprise_ewm10,DQ2_EPA_HGB,0.6,0.2542854895101879,1,settle,78,78,131.41147927425268,0.16847625547981115,-0.46486559139784944,0.5,62.018181818181816,1.336112230383664,0.08947912354359713,-38.67035125307733,4.042290394561013,26.282295854850542,2,5
SPREAD_MAX_05,60,25.0,0.05,0.95,0.05,REG_WEEKS_14_18_CONFIRMATION,dq2_market_hgb_15m_l7_r5,DQ2_MARKET_HGB,0.8,0.0398489669697667,-1,30m,76,47,45.06113245832898,0.05929096376095919,-0.0025,0.4868421052631579,17.146739121222126,1.567632325055227,0.023535633144352513,-0.5737778019586175,3.750398584425666,9.012226491665796,3,5
SPREAD_MAX_05,60,25.0,0.05,0.95,0.05,REG_WEEKS_14_18_CONFIRMATION,dq2_market_hgb_15m_l7_r5,DQ2_MARKET_HGB,0.85,0.0461950882524378,-1,30m,51,35,42.704559415786555,0.08373443022703249,0.030833333333333438,0.5490196078431373,28.735003035382093,1.645722747816666,0.026249044939459894,3.92152452443983,3.6701085626868952,8.540911883157312,3,5
SPREAD_MAX_05,60,25.0,0.05,0.95,0.05,REG_WEEKS_14_18_CONFIRMATION,dq2_market_hgb_15m_l15_r10,DQ2_MARKET_HGB,0.95,0.0855382209696666,-1,5m,29,20,2.3071742226655,0.007955773181605178,-0.041461038961038976,0.3448275862068966,16.142588994389612,1.0809305606776818,-0.013431214414221735,-2.847845746239462,-1.5980144196813442,0.46143484453310035,2,5
SPREAD_MAX_05,60,25.0,0.05,0.95,0.05,REG_WEEKS_14_18_CONFIRMATION,dq2_market_hgb_15m_l31_r20,DQ2_MARKET_HGB,0.7,0.0415017778949682,1,settle,69,69,2.8591357705425438,0.004143675029771771,-1.0025,0.43478260869565216,91.9541124736777,1.0073128352721854,0.0017127522370019384,9.074588107900663,-24.341522901632853,0.571827154108503,3,5
SPREAD_MAX_05,60,25.0,0.05,0.95,0.05,REG_WEEKS_14_18_CONFIRMATION,prior_sq_process_adjustment_ewm5,PRIOR_SQ_EPA,0.8,0.628218750930896,-1,30m,199,69,29.302640765558255,0.014724945108320736,-0.0867105263157894,0.4371859296482412,105.01969445614176,1.066795427880941,0.011685746150651807,10.850210295424766,-18.382140261682572,5.8605281531116455,3,5
SPREAD_MAX_05,60,25.0,0.05,0.95,0.05,REG_WEEKS_14_18_CONFIRMATION,baseline_cumulative_epa,BASELINE,0.8,14.412759758532047,-1,30m,42,28,30.83310761181606,0.07341216098051451,-0.2506481481481482,0.3333333333333333,52.596747949825925,1.2171379025360691,0.020592452418735037,-17.84598560354374,-5.48301748052477,6.16662152236321,2,5
SPREAD_MAX_05,60,25.0,0.05,0.95,0.05,REG_WEEKS_14_18_CONFIRMATION,baseline_cumulative_epa,BASELINE,0.7,10.731233805418007,1,settle,53,53,40.62962644885253,0.07665967254500472,0.13386363636363646,0.7547169811320755,53.311904731119576,1.3117561975741605,0.02108022665473382,-1.0557339176249343,-1.4881834938217893,8.125925289770503,4,5
SPREAD_MAX_05,60,25.0,0.05,0.95,0.05,REG_WEEKS_14_18_CONFIRMATION,baseline_net_yards_007,BASELINE,0.9,7.385,-1,5m,32,14,8.84512700048327,0.027641021876510213,-0.01313950198075836,0.34375,9.512168308881519,1.4726740781215282,0.002391419214100148,-1.655373005713404,0.6917126977303217,1.769025400096654,2,5
SPREAD_MAX_05,60,25.0,0.05,0.95,0.05,REG_WEEKS_14_18_CONFIRMATION,p11_v2_exact,P11_V2_EXACT,0.6,0.3359957097075061,-1,settle,66,66,-59.8742148273735,-0.09071850731420229,0.06704930221917177,0.6363636363636364,112.48670221404754,0.7511462392877244,-0.03336807598129561,-7.702026285873837,-29.560056768143085,-11.974842965474704,3,5
SPREAD_MAX_05,60,25.0,0.05,0.95,0.05,REG_WEEKS_14_18_CONFIRMATION,baseline_current_dq_cumulative,BASELINE,0.8,6.122135242000772,1,15m,46,29,-73.90678467658046,-0.16066692320995749,-0.3136111111111111,0.34782608695652173,78.44761633947094,0.5728510855412543,-0.011047852133262691,-26.537710084033613,-26.553414646702215,-14.781356935316087,1,5
SPREAD_MAX_05,60,25.0,0.05,0.95,0.05,REG_WEEKS_14_18_CONFIRMATION,p11_v2_exact,P11_V2_EXACT,0.9,0.7779313984309322,-1,15m,13,9,-6.5436669614767435,-0.05033589970366726,-0.013026315789473717,0.46153846153846156,6.196086316315452,0.24287879024128534,-0.022536686701701374,-1.2092564693371157,-1.7600506276915315,-1.3087333922953488,0,5
SPREAD_MAX_05,60,25.0,0.05,0.95,0.05,REG_WEEKS_14_18_CONFIRMATION,p11_v2_exact,P11_V2_EXACT,0.8,0.5741461803163885,-1,30m,40,29,-11.219300664634146,-0.028048251661585366,0.008608622620380814,0.525,27.6101685483189,0.7399399874963514,-0.005277345810588248,-3.1211778323539683,-5.198889558328148,-2.243860132926829,2,5
SPREAD_MAX_05,60,25.0,0.05,0.95,0.05,REG_WEEKS_14_18_CONFIRMATION,p11_v2_exact,P11_V2_EXACT,0.9,0.7779313984309322,-1,5m,20,10,-4.888664165641526,-0.024443320828207632,-0.013552760136785578,0.25,4.756137283921095,0.39137093692042385,-0.0005399249142260532,-1.2908445784137623,-1.477889274725474,-0.9777328331283052,0,5
SPREAD_MAX_05,60,25.0,0.05,0.95,0.05,REG_WEEKS_14_18_CONFIRMATION,baseline_net_yards_007,BASELINE,0.9,7.385,-1,30m,12,10,-8.4235465743609,-0.07019622145300748,-0.03329230333899269,0.5,12.119172253129426,0.507577709871534,-0.03157998521212073,-0.7288912814373498,-2.8083930048559953,-1.6847093148721792,3,5
SPREAD_MAX_05,60,25.0,0.05,0.95,0.05,REG_WEEKS_14_18_CONFIRMATION,baseline_current_dq_cumulative,BASELINE,0.85,6.962058824045694,1,30m,14,12,-8.339369454075332,-0.05956692467196672,-0.524478021978022,0.2857142857142857,41.23590625061213,0.8707793856385764,0.005596421078175754,-2.025000000000001,-6.694405692346869,-1.6678738908150674,2,5
SPREAD_MAX_05,60,25.0,0.05,0.95,0.05,REG_WEEKS_14_18_CONFIRMATION,tweak_process_outcome_agreement,DQ2_TWEAK_AGREEMENT,0.8,1.5641421815391412,1,settle,74,74,210.55254927254526,0.284530471989926,-1.0025,0.4594594594594595,68.59106292992516,1.5250687014277935,0.06518099664136169,4.734025550472936,23.32334381755164,42.110509854509054,3,5
SPREAD_MAX_05,60,25.0,0.05,0.95,0.05,REG_WEEKS_14_18_CONFIRMATION,tweak_process_outcome_ensemble,DQ2_TWEAK_ENSEMBLE,0.85,1.5079970473606323,1,settle,74,74,182.51888191626833,0.24664713772468688,-1.0025,0.4594594594594595,78.88021234640019,1.4551593065243602,0.05059394760612558,-26.50014431229188,16.68769540464877,36.50377638325368,2,5
SPREAD_MAX_05,60,25.0,0.05,0.95,0.05,REG_WEEKS_14_18_CONFIRMATION,tweak_process_uncertainty_scaled,DQ2_TWEAK_PRICE_AWARE,0.6,0.4255413557822185,1,settle,76,76,51.86323169453037,0.06824109433490838,-1.0025,0.4605263157894737,97.61677215189874,1.1261802364686586,0.021511874903732905,-85.4861861598605,-22.332231606835922,10.372646338906073,2,5
SPREAD_MAX_05,60,25.0,0.05,0.95,0.05,REG_WEEKS_14_18_CONFIRMATION,tweak_outcome_epa_agreement,DQ2_TWEAK_AGREEMENT,0.8,1.3042297086372814,-1,settle,46,46,73.95118416185306,0.1607634438301153,-1.0025,0.2608695652173913,142.93155737704924,1.2169610801286581,-0.014784356643597703,-38.065788446526135,-13.926280974299834,14.790236832370605,2,5
SPREAD_MAX_05,60,25.0,0.05,0.95,0.05,REG_WEEKS_14_18_CONFIRMATION,tweak_process_epa_ensemble,DQ2_TWEAK_ENSEMBLE,0.8,0.9452602120503795,1,settle,74,74,97.10427689794945,0.13122199580803973,-0.47618421052631577,0.5,75.69425447080667,1.2617895178215262,0.030271258884781885,-2.8049296734010554,1.0707627696360589,19.420855379589884,3,5
SPREAD_MAX_05,60,25.0,0.05,0.95,0.05,REG_WEEKS_14_18_CONFIRMATION,tweak_outcome_remaining_time_scaled,DQ2_TWEAK_TIME_AWARE,0.9,0.1955260315222922,-1,settle,67,67,192.8192280289763,0.28778989258056153,0.072768817204301,0.5970149253731343,57.621974439227984,1.7123643780510809,0.05769809121924819,-7.270967119364112,21.71620882526977,38.56384560579526,3,5
SPREAD_MAX_05,60,25.0,0.05,0.95,0.05,REG_WEEKS_14_18_CONFIRMATION,tweak_market_uncertainty_scaled,DQ2_TWEAK_PRICE_AWARE,0.85,1.1654701584764322,-1,30m,76,50,13.37074080277915,0.017593080003656787,-0.0025,0.4868421052631579,30.992216282576003,1.1162426681123612,0.01295400114515301,-19.529760064279273,-4.352671588806813,2.6741481605558293,2,5
SPREAD_MAX_05,60,25.0,0.05,0.95,0.05,REG_WEEKS_14_18_CONFIRMATION,tweak_process_outcome_epa_ensemble,DQ2_TWEAK_ENSEMBLE,0.6,0.5590538939184704,1,settle,78,78,61.9230420211607,0.07938851541174453,-1.0025,0.44871794871794873,88.76981476955521,1.1436479545813627,0.014062737478764912,-12.660690820396926,-11.067642475337683,12.384608404232143,3,5
SPREAD_MAX_05,60,25.0,0.05,0.95,0.05,REG_WEEKS_14_18_CONFIRMATION,tweak_outcome_epa_agreement,DQ2_TWEAK_AGREEMENT,0.85,1.5000079826371508,1,5m,73,35,-0.28183123835633506,-0.0003860701895292273,-0.015833333333333307,0.3698630136986301,12.01522966554234,0.9905132257422948,0.011902121796688406,0.9717872894802677,-2.2217963850505744,-0.056366247671266835,3,5
SPREAD_MAX_05,60,25.0,0.05,0.95,0.05,REG_WEEKS_14_18_CONFIRMATION,tweak_outcome_epa_agreement,DQ2_TWEAK_AGREEMENT,0.7,1.1083703175196418,-1,30m,76,53,13.67662710264688,0.01799556197716696,-0.2025,0.3026315789473684,76.26708959020401,1.0653483419967018,-0.0074057572621747435,-0.8047082128092606,-11.567978872609565,2.735325420529384,3,5
SPREAD_MAX_05,60,25.0,0.05,0.95,0.05,POSTSEASON_FINAL_AUDIT,dq2_outcome_hgb_l15_r10_surprise_ewm10,DQ2_EPA_HGB,0.6,0.0808722506529674,1,settle,12,12,3.27038829571422,0.027253235797618514,0.1930291454442558,0.5833333333333334,27.75911517925247,1.0652446542785878,0.08854605291127056,-6.674184782608695,-2.9417779260714454,0.8175970739285541,2,4
SPREAD_MAX_05,60,25.0,0.05,0.95,0.05,POSTSEASON_FINAL_AUDIT,dq2_outcome_hgb_l7_r5_surprise_ewm5,DQ2_EPA_HGB,0.7,0.1476416999738668,1,settle,12,12,-4.742679564552287,-0.039522329704602344,-0.46486559139784944,0.5,45.30297482837528,0.9211524594421897,0.029266295344394743,-6.674184782608695,-6.198169891138071,-1.1856698911380716,2,4
SPREAD_MAX_05,60,25.0,0.05,0.95,0.05,POSTSEASON_FINAL_AUDIT,dq2_outcome_hgb_l7_r5_surprise_ewm10,DQ2_EPA_HGB,0.6,0.0875126599862819,1,settle,12,12,-31.514850663753418,-0.2626237555312785,-1.0025,0.4166666666666667,45.302974828375284,0.550910571232584,-0.060992602514387206,-13.155937917689066,-12.891212665938353,-7.878712665938354,1,4
SPREAD_MAX_05,60,25.0,0.05,0.95,0.05,POSTSEASON_FINAL_AUDIT,p11_cvw0.5_k3_c0.1_tnone,P11_V2_GRID,0.6,3.1930212085612006,1,settle,12,12,-52.011134538966814,-0.4334261211580568,-1.0025,0.3333333333333333,51.96113453896682,0.35148211298046356,-0.07695416448198372,-20.993067269483408,-19.268408634741704,-13.002783634741704,0,4
SPREAD_MAX_05,60,25.0,0.05,0.95,0.05,POSTSEASON_FINAL_AUDIT,p11_cvw0.5_k3_c0.1_tremaining_linear,P11_V2_GRID,0.6,0.15965106042806,1,settle,12,12,-52.011134538966814,-0.4334261211580568,-1.0025,0.3333333333333333,51.96113453896682,0.35148211298046356,-0.07695416448198372,-20.993067269483408,-19.268408634741704,-13.002783634741704,0,4
SPREAD_MAX_05,60,25.0,0.05,0.95,0.05,POSTSEASON_FINAL_AUDIT,p11_cvw0.5_k3_c0.1_telapsed_sqrt,P11_V2_GRID,0.6,3.1828501141215737,1,settle,12,12,-51.60297127366069,-0.43002476061383915,-1.0025,0.3333333333333333,51.96113453896682,0.3565714305029838,-0.0769243260995127,-20.788985636830347,-19.166367818415175,-12.900742818415173,0,4
SPREAD_MAX_05,60,25.0,0.05,0.95,0.05,POSTSEASON_FINAL_AUDIT,p11_cvw0.5_k3_c0.1_tp11_cosine,P11_V2_GRID,0.6,0.3221907791020931,1,settle,12,12,-52.011134538966814,-0.4334261211580568,-1.0025,0.3333333333333333,51.96113453896682,0.35148211298046356,-0.07675002938118712,-20.993067269483408,-19.268408634741704,-13.002783634741704,0,4
SPREAD_MAX_05,60,25.0,0.05,0.95,0.05,POSTSEASON_FINAL_AUDIT,dq2_process_hgb_l15_r10_surprise_ewm5,DQ2_EPA_HGB,0.8,0.5176337005850116,-1,settle,12,12,34.70786441289874,0.28923220344082284,0.4364233954451347,0.75,10.024999999999999,2.1540437045020364,0.17744049016316274,9.366431525398921,7.423841103224687,8.676966103224686,3,4
SPREAD_MAX_05,60,25.0,0.05,0.95,0.05,POSTSEASON_FINAL_AUDIT,dq2_process_hgb_l7_r5_surprise_ewm10,DQ2_EPA_HGB,0.6,0.2542854895101879,1,settle,12,12,-0.9926089363745376,-0.008271741136454513,-0.46486559139784944,0.5,28.385869565217387,0.9834977732938563,0.05518941208094269,-6.674184782608695,-6.513777234093634,-0.24815223409363485,2,4
SPREAD_MAX_05,60,25.0,0.05,0.95,0.05,POSTSEASON_FINAL_AUDIT,dq2_market_hgb_15m_l7_r5,DQ2_MARKET_HGB,0.8,0.0398489669697667,-1,30m,7,6,-1.8914085622950791,-0.02702012231850112,-0.025755813953488412,0.42857142857142855,2.3166666666666664,0.7711912606410545,0.0046650189139693975,0.05102862254025067,-0.7624354739071031,-0.4728521405737698,2,4
SPREAD_MAX_05,60,25.0,0.05,0.95,0.05,POSTSEASON_FINAL_AUDIT,dq2_market_hgb_15m_l7_r5,DQ2_MARKET_HGB,0.85,0.0461950882524378,-1,30m,4,4,-6.918162393162391,-0.17295405982905976,-0.17263888888888884,0.25,3.4527777777777766,0.049412800939518615,-0.06656351799747709,0.0,-2.16113782051282,-1.7295405982905978,1,4
SPREAD_MAX_05,60,25.0,0.05,0.95,0.05,POSTSEASON_FINAL_AUDIT,dq2_market_hgb_15m_l15_r10,DQ2_MARKET_HGB,0.95,0.0855382209696666,-1,5m,0,0,0.0,,,,0.0,,,0.0,0.0,0.0,0,4
SPREAD_MAX_05,60,25.0,0.05,0.95,0.05,POSTSEASON_FINAL_AUDIT,dq2_market_hgb_15m_l31_r20,DQ2_MARKET_HGB,0.7,0.0415017778949682,1,settle,12,12,18.89546520467978,0.15746221003899816,0.4717524916943522,0.5833333333333334,39.31632379248658,1.3769668868764045,0.11097871843519025,-7.928365384615383,0.9644913011699452,4.723866301169943,1,4
SPREAD_MAX_05,60,25.0,0.05,0.95,0.05,POSTSEASON_FINAL_AUDIT,prior_sq_process_adjustment_ewm5,PRIOR_SQ_EPA,0.8,0.628218750930896,-1,30m,36,12,-8.124633876688064,-0.022568427435244603,-0.0025,0.4722222222222222,29.755423675124916,0.8439664842790667,0.0016492704682024195,-1.7726796487825904,-6.406729622006016,-2.0311584691720155,2,4
SPREAD_MAX_05,60,25.0,0.05,0.95,0.05,POSTSEASON_FINAL_AUDIT,baseline_cumulative_epa,BASELINE,0.8,14.412759758532047,-1,30m,8,5,-15.895767195767194,-0.19869708994708993,-0.09972222222222221,0.5,13.106481481481477,0.37996863004086345,-0.019906200432767068,-1.3651785714285711,-6.234126984126983,-3.9739417989417984,1,4
SPREAD_MAX_05,60,25.0,0.05,0.95,0.05,POSTSEASON_FINAL_AUDIT,baseline_cumulative_epa,BASELINE,0.7,10.731233805418007,1,settle,9,9,6.553994150185696,0.07282215722428548,0.2962012987012987,0.7777777777777778,10.024999999999999,1.3268825012561445,0.045919662371095064,2.7996753246753254,1.6384985375464238,1.6384985375464238,3,4
SPREAD_MAX_05,60,25.0,0.05,0.95,0.05,POSTSEASON_FINAL_AUDIT,baseline_net_yards_007,BASELINE,0.9,7.385,-1,5m,9,3,-1.4874344552106278,-0.016527049502340314,-0.0025,0.3333333333333333,2.710965166655613,0.46919885287755136,0.00026190166957747635,0.0,-0.48511991258630804,-0.3718586138026569,1,4
SPREAD_MAX_05,60,25.0,0.05,0.95,0.05,POSTSEASON_FINAL_AUDIT,p11_v2_exact,P11_V2_EXACT,0.6,0.3359957097075061,-1,settle,10,10,5.138327639648173,0.051383276396481735,0.16804580100721372,0.7,20.049999999999997,1.1708504618336883,0.030393758325540848,-1.014699208169199,0.03145690991204317,1.284581909912043,2,4
SPREAD_MAX_05,60,25.0,0.05,0.95,0.05,POSTSEASON_FINAL_AUDIT,baseline_current_dq_cumulative,BASELINE,0.8,6.122135242000772,1,15m,7,3,-27.26398046398046,-0.38948543519972084,-0.2882142857142857,0.0,25.01675824175824,0.0,-0.02123928036719776,-5.136111111111111,-8.936839896214895,-6.815995115995115,0,4
SPREAD_MAX_05,60,25.0,0.05,0.95,0.05,POSTSEASON_FINAL_AUDIT,p11_v2_exact,P11_V2_EXACT,0.9,0.7779313984309322,-1,15m,9,2,-6.916633486949786,-0.07685148318833096,-0.01348901098901095,0.2222222222222222,7.58682603508682,0.09430521853295648,-0.05348270302028256,0.0,-2.6358449594566324,-1.7291583717374466,1,4
SPREAD_MAX_05,60,25.0,0.05,0.95,0.05,POSTSEASON_FINAL_AUDIT,p11_v2_exact,P11_V2_EXACT,0.8,0.5741461803163885,-1,30m,8,3,-11.523982541899471,-0.1440497817737434,-0.0568478260869566,0.25,12.28130648256843,0.09552609989982111,-0.10593802649372414,-1.6282450705480633,-3.983929468183981,-2.8809956354748674,0,4
SPREAD_MAX_05,60,25.0,0.05,0.95,0.05,POSTSEASON_FINAL_AUDIT,p11_v2_exact,P11_V2_EXACT,0.9,0.7779313984309322,-1,5m,14,2,-1.4409193239343803,-0.010292280885245577,-0.0025,0.2857142857142857,1.9512278793341,0.3581021161677081,0.0027944092902233353,-0.05292602307275329,-0.6124181996212881,-0.3602298309835952,1,4
SPREAD_MAX_05,60,25.0,0.05,0.95,0.05,POSTSEASON_FINAL_AUDIT,baseline_net_yards_007,BASELINE,0.9,7.385,-1,30m,3,2,-2.058872534732343,-0.06862908449107809,-0.03583333333333333,0.3333333333333333,0.3583333333333334,0.1555518585890383,-0.032698210353026926,0.0,-0.5147181336830857,-0.5147181336830857,1,4
SPREAD_MAX_05,60,25.0,0.05,0.95,0.05,POSTSEASON_FINAL_AUDIT,baseline_current_dq_cumulative,BASELINE,0.85,6.962058824045694,1,30m,4,2,-9.80405982905983,-0.24510149572649573,-0.1606196581196581,0.5,15.309615384615386,0.3596142304847242,-0.015816467748406712,0.0,-4.364716880341881,-2.4510149572649578,1,4
SPREAD_MAX_05,60,25.0,0.05,0.95,0.05,POSTSEASON_FINAL_AUDIT,tweak_process_outcome_agreement,DQ2_TWEAK_AGREEMENT,0.8,1.5641421815391412,1,settle,12,12,14.364358047454466,0.11970298372878718,-1.0025,0.4166666666666667,40.099999999999994,1.2046933815098608,0.030335330009891904,6.5904069767441875,-0.1682854881363829,3.5910895118636166,2,4
SPREAD_MAX_05,60,25.0,0.05,0.95,0.05,POSTSEASON_FINAL_AUDIT,tweak_process_outcome_ensemble,DQ2_TWEAK_ENSEMBLE,0.85,1.5079970473606323,1,settle,12,12,-7.152325471251302,-0.059602712260427536,-1.0025,0.3333333333333333,48.43586956521739,0.9108188843983628,-0.03978056740081323,-6.674184782608695,-6.800581367812824,-1.7880813678128247,2,4
SPREAD_MAX_05,60,25.0,0.05,0.95,0.05,POSTSEASON_FINAL_AUDIT,tweak_process_uncertainty_scaled,DQ2_TWEAK_PRICE_AWARE,0.6,0.4255413557822185,1,settle,12,12,-39.842159295479966,-0.33201799412899974,-1.0025,0.4166666666666667,41.58186517783291,0.43224568157492027,-0.07374658464542398,-16.729166666666664,-17.47928982386999,-9.960539823869992,0,4
SPREAD_MAX_05,60,25.0,0.05,0.95,0.05,POSTSEASON_FINAL_AUDIT,tweak_outcome_epa_agreement,DQ2_TWEAK_AGREEMENT,0.8,1.3042297086372814,-1,settle,7,7,-16.177805049088352,-0.2311115007012622,-1.0025,0.2857142857142857,38.41086956521738,0.6772507720880128,-0.05628644515575217,-11.43971774193548,-9.056951262272086,-4.044451262272088,1,4
SPREAD_MAX_05,60,25.0,0.05,0.95,0.05,POSTSEASON_FINAL_AUDIT,tweak_process_epa_ensemble,DQ2_TWEAK_ENSEMBLE,0.8,0.9452602120503795,1,settle,12,12,-38.204601208073264,-0.3183716767339439,-1.0025,0.3333333333333333,45.22462686567164,0.5236334013955951,-0.1250084967212579,-7.57481343283582,-14.563650302018315,-9.551150302018316,1,4
SPREAD_MAX_05,60,25.0,0.05,0.95,0.05,POSTSEASON_FINAL_AUDIT,tweak_outcome_remaining_time_scaled,DQ2_TWEAK_TIME_AWARE,0.9,0.1955260315222922,-1,settle,11,11,24.21589503287729,0.22014450029888447,0.33083333333333326,0.6363636363636364,20.049999999999997,1.603887656680232,0.055721555114440637,9.04187822133709,2.294598758219325,6.053973758219323,3,4
SPREAD_MAX_05,60,25.0,0.05,0.95,0.05,POSTSEASON_FINAL_AUDIT,tweak_market_uncertainty_scaled,DQ2_TWEAK_PRICE_AWARE,0.85,1.1654701584764322,-1,30m,12,8,-22.108868656773147,-0.18424057213977618,-0.2380510752688172,0.4166666666666667,19.754291091481296,0.21788151282486298,-0.06313482536163433,-3.458657754846778,-7.6860868839617815,-5.527217164193287,2,4
SPREAD_MAX_05,60,25.0,0.05,0.95,0.05,POSTSEASON_FINAL_AUDIT,tweak_process_outcome_epa_ensemble,DQ2_TWEAK_ENSEMBLE,0.6,0.5590538939184704,1,settle,12,12,-1.9229702811030052,-0.016024752342525057,-0.46486559139784944,0.5,48.43586956521739,0.9680304192667829,0.04971168667931544,-6.674184782608695,-5.49324257027575,-0.4807425702757504,2,4
SPREAD_MAX_05,60,25.0,0.05,0.95,0.05,POSTSEASON_FINAL_AUDIT,tweak_outcome_epa_agreement,DQ2_TWEAK_AGREEMENT,0.85,1.5000079826371508,1,5m,13,5,-7.0015909886936365,-0.05385839222072027,-0.05334745762711851,0.23076923076923078,7.1194481315507785,0.1874740160296426,-0.023885112300336558,-1.9054100790513826,-2.4055749757384683,-1.750397747173409,0,4
SPREAD_MAX_05,60,25.0,0.05,0.95,0.05,POSTSEASON_FINAL_AUDIT,tweak_outcome_epa_agreement,DQ2_TWEAK_AGREEMENT,0.7,1.1083703175196418,-1,30m,12,7,-13.210934804599496,-0.11009112337166248,-0.08728513356562134,0.3333333333333333,12.101026970498115,0.4125814840254816,-0.03231877995758735,-3.982862903225806,-4.569617162179185,-3.302733701149874,1,4
LATENCY_120S,120,25.0,0.05,0.95,0.1,REG_WEEKS_14_18_CONFIRMATION,dq2_outcome_hgb_l15_r10_surprise_ewm10,DQ2_EPA_HGB,0.6,0.0808722506529674,1,settle,78,78,-7.292819648310118,-0.00934976877988484,-1.0025,0.46153846153846156,78.12035248882256,0.9826794450817953,-0.0004706996120352832,-21.059206975195316,-21.517486640662298,-1.4585639296620259,1,5
LATENCY_120S,120,25.0,0.05,0.95,0.1,REG_WEEKS_14_18_CONFIRMATION,dq2_outcome_hgb_l7_r5_surprise_ewm5,DQ2_EPA_HGB,0.7,0.1476416999738668,1,settle,77,77,87.72516885607227,0.11392879072217173,-1.0025,0.4805194805194805,140.50874928663197,1.2187660071223747,0.04190936114213732,0.8253987127008209,-3.8590953007014237,17.545033771214456,4,5
LATENCY_120S,120,25.0,0.05,0.95,0.1,REG_WEEKS_14_18_CONFIRMATION,dq2_outcome_hgb_l7_r5_surprise_ewm10,DQ2_EPA_HGB,0.6,0.0875126599862819,1,settle,77,77,123.47538882664603,0.160357647826813,0.08445652173913037,0.5324675324675324,106.13107296543247,1.3421318615312998,0.054960890100588786,-6.229342500698358,5.237753648209451,24.695077765329206,5,5
LATENCY_120S,120,25.0,0.05,0.95,0.1,REG_WEEKS_14_18_CONFIRMATION,p11_cvw0.5_k3_c0.1_tnone,P11_V2_GRID,0.6,3.1930212085612006,1,settle,74,74,10.797336476183748,0.014590995238086173,-1.0025,0.4594594594594595,70.08364273085814,1.0269260261251465,0.025294151560662302,-3.4055927797366046,-18.54096451574643,2.1594672952367526,3,5
LATENCY_120S,120,25.0,0.05,0.95,0.1,REG_WEEKS_14_18_CONFIRMATION,p11_cvw0.5_k3_c0.1_tremaining_linear,P11_V2_GRID,0.6,0.15965106042806,1,settle,74,74,10.797336476183748,0.014590995238086173,-1.0025,0.4594594594594595,70.08364273085814,1.0269260261251465,0.025294151560662302,-3.4055927797366046,-18.54096451574643,2.1594672952367526,3,5
LATENCY_120S,120,25.0,0.05,0.95,0.1,REG_WEEKS_14_18_CONFIRMATION,p11_cvw0.5_k3_c0.1_telapsed_sqrt,P11_V2_GRID,0.6,3.1828501141215737,1,settle,74,74,10.797336476183748,0.014590995238086173,-1.0025,0.4594594594594595,70.08364273085814,1.0269260261251465,0.02530282683326677,-3.4055927797366046,-18.54096451574643,2.1594672952367526,3,5
LATENCY_120S,120,25.0,0.05,0.95,0.1,REG_WEEKS_14_18_CONFIRMATION,p11_cvw0.5_k3_c0.1_tp11_cosine,P11_V2_GRID,0.6,0.3221907791020931,1,settle,73,73,20.822336476183757,0.028523748597511972,-1.0025,0.4657534246575342,70.08364273085814,1.0532574626924585,0.02897607870980886,-3.4055927797366046,-16.53596451574643,4.1644672952367525,3,5
LATENCY_120S,120,25.0,0.05,0.95,0.1,REG_WEEKS_14_18_CONFIRMATION,dq2_process_hgb_l15_r10_surprise_ewm5,DQ2_EPA_HGB,0.8,0.5176337005850116,-1,settle,76,76,59.37796278697015,0.07812889840390806,0.17413344407530457,0.6052631578947368,105.71436979295423,1.1974329602226774,0.03501387014719289,18.155157489375792,-4.040536032521363,11.87559255739403,3,5
LATENCY_120S,120,25.0,0.05,0.95,0.1,REG_WEEKS_14_18_CONFIRMATION,dq2_process_hgb_l7_r5_surprise_ewm10,DQ2_EPA_HGB,0.6,0.2542854895101879,1,settle,78,78,110.56128218649934,0.14174523357243504,-1.0025,0.48717948717948717,71.51366291518919,1.275713920664587,0.07729617175247878,-38.11365869680872,-1.3426810555609918,22.112256437299877,2,5
LATENCY_120S,120,25.0,0.05,0.95,0.1,REG_WEEKS_14_18_CONFIRMATION,dq2_market_hgb_15m_l7_r5,DQ2_MARKET_HGB,0.8,0.0398489669697667,-1,30m,74,46,-18.019383656975304,-0.024350518455372033,-0.053024109014675136,0.3918918918918919,33.950976168985775,0.8420729551294237,-0.013452134015640757,-17.101853309408824,-12.162626092021034,-3.6038767313950606,2,5
LATENCY_120S,120,25.0,0.05,0.95,0.1,REG_WEEKS_14_18_CONFIRMATION,dq2_market_hgb_15m_l7_r5,DQ2_MARKET_HGB,0.85,0.0461950882524378,-1,30m,51,34,-8.255514870674768,-0.016187284060146575,-0.025755813953488412,0.45098039215686275,29.184746504530892,0.8912347385860027,-0.008544320005144134,-8.858634212329433,-7.7066459429183585,-1.6511029741349528,2,5
LATENCY_120S,120,25.0,0.05,0.95,0.1,REG_WEEKS_14_18_CONFIRMATION,dq2_market_hgb_15m_l15_r10,DQ2_MARKET_HGB,0.95,0.0855382209696666,-1,5m,29,19,-1.9040626953891864,-0.006565733432376505,-0.0025,0.41379310344827586,16.613596376225463,0.9439662143120205,-0.025715000782887475,-3.2658683855534565,-2.952519350422445,-0.3808125390778375,1,5
LATENCY_120S,120,25.0,0.05,0.95,0.1,REG_WEEKS_14_18_CONFIRMATION,dq2_market_hgb_15m_l31_r20,DQ2_MARKET_HGB,0.7,0.0415017778949682,1,settle,70,70,13.95039097119065,0.019929129958843772,-1.0025,0.42857142857142855,89.33921832884096,1.0347890049156876,0.0008520528758613025,-3.8775641025640795,-22.009306304242102,2.790078194238137,3,5
LATENCY_120S,120,25.0,0.05,0.95,0.1,REG_WEEKS_14_18_CONFIRMATION,prior_sq_process_adjustment_ewm5,PRIOR_SQ_EPA,0.8,0.628218750930896,-1,30m,193,70,1.3866528276722256,0.0007184729677058198,-0.0846917808219177,0.41450777202072536,152.94003705877086,1.0031645117208605,-0.002129949647941758,5.610276195722873,-26.28835782040424,0.2773305655344487,3,5
LATENCY_120S,120,25.0,0.05,0.95,0.1,REG_WEEKS_14_18_CONFIRMATION,baseline_cumulative_epa,BASELINE,0.8,14.412759758532047,-1,30m,43,29,39.04058535981713,0.09079205897631887,-0.08583333333333326,0.4186046511627907,60.476383053221284,1.2692852328223265,0.01592136716919436,-15.211917249417247,-4.330419273227335,7.808117071963421,2,5
LATENCY_120S,120,25.0,0.05,0.95,0.1,REG_WEEKS_14_18_CONFIRMATION,baseline_cumulative_epa,BASELINE,0.7,10.731233805418007,1,settle,54,54,46.04664186794817,0.08527155901471888,0.13386363636363646,0.7592592592592593,54.03126924400321,1.3533216333623488,0.01587520433823439,4.1499952452775375,-0.3654479163434658,9.209328373589639,3,5
LATENCY_120S,120,25.0,0.05,0.95,0.1,REG_WEEKS_14_18_CONFIRMATION,baseline_net_yards_007,BASELINE,0.9,7.385,-1,5m,30,13,8.670448897266445,0.0289014963242215,-0.02336956521739125,0.3333333333333333,5.660348292045308,1.5058879478043945,0.008122979156705219,-1.8779138414776704,0.8075417599613026,1.7340897794532892,2,5
LATENCY_120S,120,25.0,0.05,0.95,0.1,REG_WEEKS_14_18_CONFIRMATION,p11_v2_exact,P11_V2_EXACT,0.6,0.3359957097075061,-1,settle,65,65,-45.632320518383175,-0.0702035700282818,0.06132978723404253,0.6307692307692307,113.47555117348963,0.8103394824672353,-0.031337808653031526,-1.8143031913025993,-26.879562499960524,-9.126464103676629,3,5
LATENCY_120S,120,25.0,0.05,0.95,0.1,REG_WEEKS_14_18_CONFIRMATION,baseline_current_dq_cumulative,BASELINE,0.8,6.122135242000772,1,15m,47,29,-66.83091233294587,-0.14219343049562955,-0.2525000000000001,0.3191489361702128,77.12212643285562,0.5840102032757701,-0.0005095163924935903,-22.378046218487395,-24.96517932424558,-13.366182466589175,1,5
LATENCY_120S,120,25.0,0.05,0.95,0.1,REG_WEEKS_14_18_CONFIRMATION,p11_v2_exact,P11_V2_EXACT,0.9,0.7779313984309322,-1,15m,13,9,-6.103248932309532,-0.046948068710073315,-0.011973684210526301,0.46153846153846156,6.597433879068849,0.24630446934028286,-0.016903842385050976,-1.2467109424414935,-1.6281372883731833,-1.2206497864619064,1,5
LATENCY_120S,120,25.0,0.05,0.95,0.1,REG_WEEKS_14_18_CONFIRMATION,p11_v2_exact,P11_V2_EXACT,0.8,0.5741461803163885,-1,30m,40,29,-13.458331188785968,-0.03364582797196492,0.01397869674185465,0.55,24.260973097987147,0.6609832708744204,-0.006254036521060215,-3.2388248911774973,-5.408842835037556,-2.691666237757194,2,5
LATENCY_120S,120,25.0,0.05,0.95,0.1,REG_WEEKS_14_18_CONFIRMATION,p11_v2_exact,P11_V2_EXACT,0.9,0.7779313984309322,-1,5m,21,10,-5.708086691422126,-0.027181365197248224,-0.02355263157894732,0.23809523809523808,5.465695387074301,0.30005924632711944,-0.003434444581260777,-1.608182102628284,-1.6599327555104892,-1.1416173382844252,1,5
LATENCY_120S,120,25.0,0.05,0.95,0.1,REG_WEEKS_14_18_CONFIRMATION,baseline_net_yards_007,BASELINE,0.9,7.385,-1,30m,13,10,-9.315328335175563,-0.07165637180904277,-0.03107142857142847,0.46153846153846156,12.782542814060523,0.4825259500914894,-0.03712124608450578,-0.09622381411312309,-2.907017020559637,-1.863065667035113,3,5
LATENCY_120S,120,25.0,0.05,0.95,0.1,REG_WEEKS_14_18_CONFIRMATION,baseline_current_dq_cumulative,BASELINE,0.85,6.962058824045694,1,30m,14,12,-37.29681505857976,-0.2664058218469983,-0.5358333333333334,0.2857142857142857,42.029167999756226,0.43127038362672726,-0.011948564020514228,-18.288694067370542,-12.300841903194845,-7.459363011715952,1,5
LATENCY_120S,120,25.0,0.05,0.95,0.1,REG_WEEKS_14_18_CONFIRMATION,tweak_process_outcome_agreement,DQ2_TWEAK_AGREEMENT,0.8,1.5641421815391412,1,settle,74,74,232.50154891104694,0.3141912823122256,-1.0025,0.47297297297297297,59.450326397388864,1.5946711398709568,0.07149690998839967,-3.5678567146405946,29.178565495929547,46.5003097822094,3,5
LATENCY_120S,120,25.0,0.05,0.95,0.1,REG_WEEKS_14_18_CONFIRMATION,tweak_process_outcome_ensemble,DQ2_TWEAK_ENSEMBLE,0.85,1.5079970473606323,1,settle,75,75,206.65433654970306,0.275539115399604,-1.0025,0.4666666666666667,59.450326397388864,1.5153474726925267,0.05873827220969859,-15.286732297789388,22.14997633539975,41.330867309940615,2,5
LATENCY_120S,120,25.0,0.05,0.95,0.1,REG_WEEKS_14_18_CONFIRMATION,tweak_process_uncertainty_scaled,DQ2_TWEAK_PRICE_AWARE,0.6,0.4255413557822185,1,settle,75,75,70.02530876355092,0.09336707835140125,-1.0025,0.4666666666666667,93.73585271317833,1.1746267051460122,0.028204310292360476,-57.25828858789383,-15.936497980624754,14.00506175271018,2,5
LATENCY_120S,120,25.0,0.05,0.95,0.1,REG_WEEKS_14_18_CONFIRMATION,tweak_outcome_epa_agreement,DQ2_TWEAK_AGREEMENT,0.8,1.3042297086372814,-1,settle,46,46,17.761617154255205,0.03861221120490266,-1.0025,0.2608695652173913,152.4689196108551,1.052109776013658,-0.01796595645896926,-41.010930735930714,-25.18598901693509,3.552323430851044,2,5
LATENCY_120S,120,25.0,0.05,0.95,0.1,REG_WEEKS_14_18_CONFIRMATION,tweak_process_epa_ensemble,DQ2_TWEAK_ENSEMBLE,0.8,0.9452602120503795,1,settle,72,72,172.41050029428686,0.23945902818650955,0.06729405034324937,0.5694444444444444,49.19108870889848,1.5547759642644583,0.06268968895724189,-0.40035589930295146,20.28610708239671,34.48210005885738,3,5
LATENCY_120S,120,25.0,0.05,0.95,0.1,REG_WEEKS_14_18_CONFIRMATION,tweak_outcome_remaining_time_scaled,DQ2_TWEAK_TIME_AWARE,0.9,0.1955260315222922,-1,settle,68,68,188.11269495310648,0.27663631610750944,0.08458495805269989,0.5882352941176471,68.55466830466835,1.6701556642433435,0.04968925134908814,-6.74306959635906,19.734572160154464,37.62253899062129,4,5
LATENCY_120S,120,25.0,0.05,0.95,0.1,REG_WEEKS_14_18_CONFIRMATION,tweak_market_uncertainty_scaled,DQ2_TWEAK_PRICE_AWARE,0.85,1.1654701584764322,-1,30m,78,50,-40.06989408498437,-0.051371659083313294,-0.08630084151472656,0.4230769230769231,63.48421348970838,0.7324946858802042,-0.010349299891089726,-23.62643497493994,-18.339239765396492,-8.013978816996874,2,5
LATENCY_120S,120,25.0,0.05,0.95,0.1,REG_WEEKS_14_18_CONFIRMATION,tweak_process_outcome_epa_ensemble,DQ2_TWEAK_ENSEMBLE,0.6,0.5590538939184704,1,settle,78,78,-21.24599404921867,-0.02723845390925475,-1.0025,0.4358974358974359,139.90872624685971,0.9518340647263237,-0.007057817950908814,-18.886702664907226,-29.623098691413396,-4.249198809843736,3,5
LATENCY_120S,120,25.0,0.05,0.95,0.1,REG_WEEKS_14_18_CONFIRMATION,tweak_outcome_epa_agreement,DQ2_TWEAK_AGREEMENT,0.85,1.5000079826371508,1,5m,73,34,0.7814662898375069,0.0010705017669006944,-0.013138297872340275,0.3424657534246575,12.33551179403166,1.028511887396793,0.010848690506619364,0.4936192038391143,-1.6509205885149911,0.15629325796750138,3,5
LATENCY_120S,120,25.0,0.05,0.95,0.1,REG_WEEKS_14_18_CONFIRMATION,tweak_outcome_epa_agreement,DQ2_TWEAK_AGREEMENT,0.7,1.1083703175196418,-1,30m,76,52,-18.15535640103793,-0.023888626843470966,-0.2674350649350649,0.2894736842105263,76.34310448371144,0.9201781698825684,0.0034311472685137497,1.7656330545657717,-18.232342693018126,-3.6310712802075855,3,5
LATENCY_120S,120,25.0,0.05,0.95,0.1,POSTSEASON_FINAL_AUDIT,dq2_outcome_hgb_l15_r10_surprise_ewm10,DQ2_EPA_HGB,0.6,0.0808722506529674,1,settle,12,12,4.667597663765321,0.03889664719804431,0.18448505795279985,0.5833333333333334,27.616713721061544,1.0931191553868396,0.09674737781213955,-6.674184782608695,-2.5924755840586693,1.1668994159413302,2,4
LATENCY_120S,120,25.0,0.05,0.95,0.1,POSTSEASON_FINAL_AUDIT,dq2_outcome_hgb_l7_r5_surprise_ewm5,DQ2_EPA_HGB,0.7,0.1476416999738668,1,settle,12,12,-6.329789095816558,-0.052748242465137984,-0.46486559139784944,0.5,45.4738565782044,0.8947665985732909,0.0358849247816256,-6.674184782608695,-6.594947273954139,-1.5824472739541395,2,4
LATENCY_120S,120,25.0,0.05,0.95,0.1,POSTSEASON_FINAL_AUDIT,dq2_outcome_hgb_l7_r5_surprise_ewm10,DQ2_EPA_HGB,0.6,0.0875126599862819,1,settle,12,12,-30.430924503722363,-0.2535910375310197,-1.0025,0.4166666666666667,45.4738565782044,0.5663566155508035,-0.04979053343190746,-12.528533962758978,-12.620231125930589,-7.607731125930591,1,4
LATENCY_120S,120,25.0,0.05,0.95,0.1,POSTSEASON_FINAL_AUDIT,p11_cvw0.5_k3_c0.1_tnone,P11_V2_GRID,0.6,3.1930212085612006,1,settle,12,12,-51.730772444597314,-0.4310897703716443,-1.0025,0.3333333333333333,52.08893570990344,0.3549778996933002,-0.07865090505533187,-20.852886222298658,-19.198318111149327,-12.932693111149328,0,4
LATENCY_120S,120,25.0,0.05,0.95,0.1,POSTSEASON_FINAL_AUDIT,p11_cvw0.5_k3_c0.1_tremaining_linear,P11_V2_GRID,0.6,0.15965106042806,1,settle,12,12,-51.730772444597314,-0.4310897703716443,-1.0025,0.3333333333333333,52.08893570990344,0.3549778996933002,-0.07865090505533187,-20.852886222298658,-19.198318111149327,-12.932693111149328,0,4
LATENCY_120S,120,25.0,0.05,0.95,0.1,POSTSEASON_FINAL_AUDIT,p11_cvw0.5_k3_c0.1_telapsed_sqrt,P11_V2_GRID,0.6,3.1828501141215737,1,settle,12,12,-52.138935709903436,-0.4344911309158621,-1.0025,0.3333333333333333,52.08893570990344,0.34988858217077995,-0.07822045931462178,-21.056967854951722,-19.300358927475862,-13.03473392747586,0,4
LATENCY_120S,120,25.0,0.05,0.95,0.1,POSTSEASON_FINAL_AUDIT,p11_cvw0.5_k3_c0.1_tp11_cosine,P11_V2_GRID,0.6,0.3221907791020931,1,settle,12,12,-51.730772444597314,-0.4310897703716443,-1.0025,0.3333333333333333,52.08893570990344,0.3549778996933002,-0.07847220035549977,-20.852886222298658,-19.198318111149327,-12.932693111149328,0,4
LATENCY_120S,120,25.0,0.05,0.95,0.1,POSTSEASON_FINAL_AUDIT,dq2_process_hgb_l15_r10_surprise_ewm5,DQ2_EPA_HGB,0.8,0.5176337005850116,-1,settle,12,12,36.2377679358158,0.3019813994651317,0.4364233954451347,0.75,10.024999999999999,2.2049133145740916,0.18521086182896931,9.657677121191728,7.806316983953952,9.05944198395395,3,4
LATENCY_120S,120,25.0,0.05,0.95,0.1,POSTSEASON_FINAL_AUDIT,dq2_process_hgb_l7_r5_surprise_ewm10,DQ2_EPA_HGB,0.6,0.2542854895101879,1,settle,12,12,-3.433994559971147,-0.028616621333092913,-0.46486559139784944,0.5,28.385869565217387,0.9429094836247522,0.056257332080929756,-6.674184782608695,-7.124123639992785,-0.8584986399927867,2,4
LATENCY_120S,120,25.0,0.05,0.95,0.1,POSTSEASON_FINAL_AUDIT,dq2_market_hgb_15m_l7_r5,DQ2_MARKET_HGB,0.8,0.0398489669697667,-1,30m,7,6,-2.9358795291166113,-0.0419411361302373,-0.03999999999999998,0.42857142857142855,2.1526595744680854,0.6193976138537274,-0.007157701393057595,-0.15000000000000013,-1.0030523290876636,-0.7339698822791528,2,4
LATENCY_120S,120,25.0,0.05,0.95,0.1,POSTSEASON_FINAL_AUDIT,dq2_market_hgb_15m_l7_r5,DQ2_MARKET_HGB,0.85,0.0461950882524378,-1,30m,4,4,-10.674088145896656,-0.2668522036474164,-0.30888297872340426,0.25,6.749088145896655,0.009281527925691313,-0.10326335732085788,0.0,-3.512158054711246,-2.668522036474164,1,4
LATENCY_120S,120,25.0,0.05,0.95,0.1,POSTSEASON_FINAL_AUDIT,dq2_market_hgb_15m_l15_r10,DQ2_MARKET_HGB,0.95,0.0855382209696666,-1,5m,0,0,0.0,,,,0.0,,,0.0,0.0,0.0,0,4
LATENCY_120S,120,25.0,0.05,0.95,0.1,POSTSEASON_FINAL_AUDIT,dq2_market_hgb_15m_l31_r20,DQ2_MARKET_HGB,0.7,0.0415017778949682,1,settle,12,12,14.709445900951366,0.12257871584126138,0.46506978653530373,0.5833333333333334,39.449977895667544,1.2934552798194787,0.11490402626393575,-7.928365384615383,-0.08201352476215762,3.6773614752378414,1,4
LATENCY_120S,120,25.0,0.05,0.95,0.1,POSTSEASON_FINAL_AUDIT,prior_sq_process_adjustment_ewm5,PRIOR_SQ_EPA,0.8,0.628218750930896,-1,30m,36,12,-14.201185003053718,-0.039447736119593665,-0.016299010277883493,0.4722222222222222,30.932162694254632,0.7705584375036392,-0.0034141702666233894,-5.920192378358748,-8.728352618414249,-3.550296250763429,0,4
LATENCY_120S,120,25.0,0.05,0.95,0.1,POSTSEASON_FINAL_AUDIT,baseline_cumulative_epa,BASELINE,0.8,14.412759758532047,-1,30m,8,5,-10.879127840969947,-0.1359890980121243,-0.11788461538461537,0.375,10.89341355525566,0.5790581632386651,-0.011688052691950473,-1.181250000000001,-5.009583654649444,-2.7197819602424866,1,4
LATENCY_120S,120,25.0,0.05,0.95,0.1,POSTSEASON_FINAL_AUDIT,baseline_cumulative_epa,BASELINE,0.7,10.731233805418007,1,settle,9,9,6.962963671722926,0.07736626301914362,0.2962012987012987,0.7777777777777778,10.024999999999999,1.3472799836270786,0.06339818456103018,3.2516400555362717,1.7407409179307316,1.7407409179307316,3,4
LATENCY_120S,120,25.0,0.05,0.95,0.1,POSTSEASON_FINAL_AUDIT,baseline_net_yards_007,BASELINE,0.9,7.385,-1,5m,7,3,-1.4321964449128388,-0.020459949213040562,-0.01348901098901095,0.2857142857142857,2.3237586716688865,0.38367246892971957,-0.0026124567407510885,0.0,-0.42480570989270316,-0.3580491112282098,1,4
LATENCY_120S,120,25.0,0.05,0.95,0.1,POSTSEASON_FINAL_AUDIT,p11_v2_exact,P11_V2_EXACT,0.6,0.3359957097075061,-1,settle,10,10,5.569709306909002,0.05569709306909003,0.17616004962779147,0.7,20.049999999999997,1.1851939919171737,0.03222368151619122,-1.1489680650456373,0.1393023267272506,1.3924273267272502,2,4
LATENCY_120S,120,25.0,0.05,0.95,0.1,POSTSEASON_FINAL_AUDIT,baseline_current_dq_cumulative,BASELINE,0.8,6.122135242000772,1,15m,5,2,-12.477869352869352,-0.24955738705738706,-0.2882142857142857,0.0,9.452869352869353,0.0,-0.009189878617944066,-1.5124999999999997,-4.159062118437118,-3.119467338217338,0,4
LATENCY_120S,120,25.0,0.05,0.95,0.1,POSTSEASON_FINAL_AUDIT,p11_v2_exact,P11_V2_EXACT,0.9,0.7779313984309322,-1,15m,9,2,-6.513207785921358,-0.07236897539912619,-0.0459782608695653,0.2222222222222222,7.033487213812081,0.10746150721344946,-0.04924710839809424,0.0,-2.4521044018659564,-1.6283019464803394,1,4
LATENCY_120S,120,25.0,0.05,0.95,0.1,POSTSEASON_FINAL_AUDIT,p11_v2_exact,P11_V2_EXACT,0.8,0.5741461803163885,-1,30m,8,3,-10.599332109946655,-0.1324916513743332,-0.0523290180752321,0.375,11.264114298156226,0.13736322385216088,-0.09737080300834491,-1.5734826517146128,-3.6508761609100375,-2.6498330274866637,0,4
LATENCY_120S,120,25.0,0.05,0.95,0.1,POSTSEASON_FINAL_AUDIT,p11_v2_exact,P11_V2_EXACT,0.9,0.7779313984309322,-1,5m,12,2,-2.023746371874391,-0.016864553098953256,-0.018708133971291837,0.16666666666666666,2.367363393150986,0.184731279883388,-0.0031737079428789026,-0.18250855387613457,-0.7849957533762072,-0.5059365929685976,0,4
LATENCY_120S,120,25.0,0.05,0.95,0.1,POSTSEASON_FINAL_AUDIT,baseline_net_yards_007,BASELINE,0.9,7.385,-1,30m,3,2,-2.9976557470509673,-0.09992185823503225,-0.046456043956044024,0.3333333333333333,0.46456043956044013,0.10950301613844929,-0.06151300598720685,-0.04797170914192239,-0.7494139367627419,-0.7494139367627419,0,4
LATENCY_120S,120,25.0,0.05,0.95,0.1,POSTSEASON_FINAL_AUDIT,baseline_current_dq_cumulative,BASELINE,0.85,6.962058824045694,1,30m,4,2,-13.97051282051282,-0.3492628205128205,-0.37269230769230766,0.25,16.003846153846155,0.1914672602485624,-0.009697605421782617,-0.6374999999999995,-5.493108974358974,-3.492628205128205,0,4
LATENCY_120S,120,25.0,0.05,0.95,0.1,POSTSEASON_FINAL_AUDIT,tweak_process_outcome_agreement,DQ2_TWEAK_AGREEMENT,0.8,1.5641421815391412,1,settle,11,11,23.573976219788776,0.21430887472535246,-1.0025,0.45454545454545453,30.074999999999996,1.3919198041527645,0.06276534668912181,6.3261363636363654,3.3872440549471943,5.893494054947194,2,4
LATENCY_120S,120,25.0,0.05,0.95,0.1,POSTSEASON_FINAL_AUDIT,tweak_process_outcome_ensemble,DQ2_TWEAK_ENSEMBLE,0.85,1.5079970473606323,1,settle,11,11,2.5858339272986512,0.02350758115726044,-1.0025,0.36363636363636365,38.41086956521738,1.0368483637662795,-0.0128116701362552,-6.674184782608695,-3.1129165181753358,0.6464584818246637,2,4
LATENCY_120S,120,25.0,0.05,0.95,0.1,POSTSEASON_FINAL_AUDIT,tweak_process_uncertainty_scaled,DQ2_TWEAK_PRICE_AWARE,0.6,0.4255413557822185,1,settle,12,12,-38.722194484706655,-0.3226849540392221,-1.0025,0.4166666666666667,41.85508922154876,0.44820527987592945,-0.058037708721425496,-16.729166666666664,-17.199298621176663,-9.680548621176664,0,4
LATENCY_120S,120,25.0,0.05,0.95,0.1,POSTSEASON_FINAL_AUDIT,tweak_outcome_epa_agreement,DQ2_TWEAK_AGREEMENT,0.8,1.3042297086372814,-1,settle,7,7,-18.92499999999999,-0.2703571428571428,-1.0025,0.2857142857142857,40.14999999999999,0.6224438902743143,-0.05837629252531923,-11.943749999999996,-9.743749999999997,-4.7312499999999975,1,4
LATENCY_120S,120,25.0,0.05,0.95,0.1,POSTSEASON_FINAL_AUDIT,tweak_process_epa_ensemble,DQ2_TWEAK_ENSEMBLE,0.8,0.9452602120503795,1,settle,12,12,-26.517926486096293,-0.2209827207174692,-1.0025,0.4166666666666667,31.55522875816993,0.622117185805539,-0.06533488633546843,-7.684558823529411,-10.388856621524074,-6.629481621524074,1,4
LATENCY_120S,120,25.0,0.05,0.95,0.1,POSTSEASON_FINAL_AUDIT,tweak_outcome_remaining_time_scaled,DQ2_TWEAK_TIME_AWARE,0.9,0.1955260315222922,-1,settle,11,11,21.86710737217865,0.19879188520162405,0.33083333333333326,0.6363636363636364,20.049999999999997,1.5453143983086945,0.05633619553313112,7.826854339684092,1.7074018430446616,5.466776843044661,3,4
LATENCY_120S,120,25.0,0.05,0.95,0.1,POSTSEASON_FINAL_AUDIT,tweak_market_uncertainty_scaled,DQ2_TWEAK_PRICE_AWARE,0.85,1.1654701584764322,-1,30m,11,8,-12.036172246655608,-0.10941974769686916,-0.18768518518518523,0.36363636363636365,10.806023823650044,0.32237824608653254,-0.042963646589423476,-3.3074107202014185,-4.1251895581386755,-3.0090430616639017,2,4
LATENCY_120S,120,25.0,0.05,0.95,0.1,POSTSEASON_FINAL_AUDIT,tweak_process_outcome_epa_ensemble,DQ2_TWEAK_ENSEMBLE,0.6,0.5590538939184704,1,settle,12,12,-1.3955816821009464,-0.011629847350841235,-0.46486559139784944,0.5,48.43586956521739,0.9767983095245062,0.0479755755180876,-6.674184782608695,-5.361395420525236,-0.3488954205252375,2,4
LATENCY_120S,120,25.0,0.05,0.95,0.1,POSTSEASON_FINAL_AUDIT,tweak_outcome_epa_agreement,DQ2_TWEAK_AGREEMENT,0.85,1.5000079826371508,1,5m,13,5,-4.4925073322816065,-0.03455774870985851,-0.04597826086956508,0.23076923076923078,5.047217477209143,0.24990873606866437,-0.013961936875602885,-0.8600330349531107,-1.641946267954971,-1.1231268330704016,0,4
LATENCY_120S,120,25.0,0.05,0.95,0.1,POSTSEASON_FINAL_AUDIT,tweak_outcome_epa_agreement,DQ2_TWEAK_AGREEMENT,0.7,1.1083703175196418,-1,30m,12,7,-8.759339335543144,-0.07299449446285954,-0.08659090909090916,0.3333333333333333,8.699458874458877,0.6374464128612995,-0.01247816429253949,-5.1335227272727275,-3.6096857614669773,-2.189834833885786,1,4
LATENCY_180S,180,25.0,0.05,0.95,0.1,REG_WEEKS_14_18_CONFIRMATION,dq2_outcome_hgb_l15_r10_surprise_ewm10,DQ2_EPA_HGB,0.6,0.0808722506529674,1,settle,78,78,56.02038152661443,0.07182100195719791,-1.0025,0.48717948717948717,63.76653618249361,1.139701699567617,0.03469446491973535,-10.982346479476995,-7.106518452432129,11.204076305322882,3,5
LATENCY_180S,180,25.0,0.05,0.95,0.1,REG_WEEKS_14_18_CONFIRMATION,dq2_outcome_hgb_l7_r5_surprise_ewm5,DQ2_EPA_HGB,0.7,0.1476416999738668,1,settle,77,77,43.4788904325501,0.05646609147084425,-1.0025,0.45454545454545453,159.99894244675983,1.1032630101711203,0.012763675541721059,-15.387993771461492,-16.27284147290661,8.69577808651002,3,5
LATENCY_180S,180,25.0,0.05,0.95,0.1,REG_WEEKS_14_18_CONFIRMATION,dq2_outcome_hgb_l7_r5_surprise_ewm10,DQ2_EPA_HGB,0.6,0.0875126599862819,1,settle,77,77,121.9688414356493,0.15840109277357042,0.09640109890109877,0.5324675324675324,104.94899749373434,1.3379574437119683,0.048408245366219245,-11.329387923190804,4.200003840300899,24.39376828712986,4,5
LATENCY_180S,180,25.0,0.05,0.95,0.1,REG_WEEKS_14_18_CONFIRMATION,p11_cvw0.5_k3_c0.1_tnone,P11_V2_GRID,0.6,3.1930212085612006,1,settle,74,74,28.00773092693011,0.037848285036391996,-1.0025,0.4594594594594595,71.85024617640897,1.0698447155285042,0.026981323161039197,-1.0984642004419456,-15.377645834506257,5.601546185386015,3,5
LATENCY_180S,180,25.0,0.05,0.95,0.1,REG_WEEKS_14_18_CONFIRMATION,p11_cvw0.5_k3_c0.1_tremaining_linear,P11_V2_GRID,0.6,0.15965106042806,1,settle,74,74,28.00773092693011,0.037848285036391996,-1.0025,0.4594594594594595,71.85024617640897,1.0698447155285042,0.026981323161039197,-1.0984642004419456,-15.377645834506257,5.601546185386015,3,5
LATENCY_180S,180,25.0,0.05,0.95,0.1,REG_WEEKS_14_18_CONFIRMATION,p11_cvw0.5_k3_c0.1_telapsed_sqrt,P11_V2_GRID,0.6,3.1828501141215737,1,settle,74,74,28.00773092693011,0.037848285036391996,-1.0025,0.4594594594594595,71.85024617640897,1.0698447155285042,0.026950757914286062,-1.0984642004419456,-15.377645834506257,5.601546185386015,3,5
LATENCY_180S,180,25.0,0.05,0.95,0.1,REG_WEEKS_14_18_CONFIRMATION,p11_cvw0.5_k3_c0.1_tp11_cosine,P11_V2_GRID,0.6,0.3221907791020931,1,settle,73,73,38.03273092693011,0.05209963140675353,-1.0025,0.4657534246575342,71.85024617640897,1.097276631311287,0.031319196400992365,-1.0984642004419456,-13.372645834506255,7.606546185386016,3,5
LATENCY_180S,180,25.0,0.05,0.95,0.1,REG_WEEKS_14_18_CONFIRMATION,dq2_process_hgb_l15_r10_surprise_ewm5,DQ2_EPA_HGB,0.8,0.5176337005850116,-1,settle,76,76,60.66210258146546,0.07981855602824402,0.15360799251537022,0.5921052631578947,118.38788345670199,1.1951962113473273,0.028826795882713536,23.458643393186563,-5.349924495949452,12.132420516293092,3,5
LATENCY_180S,180,25.0,0.05,0.95,0.1,REG_WEEKS_14_18_CONFIRMATION,dq2_process_hgb_l7_r5_surprise_ewm10,DQ2_EPA_HGB,0.6,0.2542854895101879,1,settle,78,78,105.53215861483052,0.13529763924978266,-1.0025,0.48717948717948717,74.54961511918034,1.2631724653736423,0.07649241569108312,-4.1691977916668534,-2.260560470494488,21.106431722966107,3,5
LATENCY_180S,180,25.0,0.05,0.95,0.1,REG_WEEKS_14_18_CONFIRMATION,dq2_market_hgb_15m_l7_r5,DQ2_MARKET_HGB,0.8,0.0398489669697667,-1,30m,71,46,3.0339882020252595,0.004273222819753886,-0.04096153846153855,0.4225352112676056,22.219172658608667,1.0326204148507165,-0.0016858915555080837,-4.374043095435797,-5.987191087765841,0.6067976404050514,3,5
LATENCY_180S,180,25.0,0.05,0.95,0.1,REG_WEEKS_14_18_CONFIRMATION,dq2_market_hgb_15m_l7_r5,DQ2_MARKET_HGB,0.85,0.0461950882524378,-1,30m,46,31,8.933120342053625,0.019419826830551372,-0.05755279034690802,0.41304347826086957,26.930792247488302,1.1405291351126943,0.004766001142278031,-7.468150333674487,-3.7466927103847354,1.7866240684107246,2,5
LATENCY_180S,180,25.0,0.05,0.95,0.1,REG_WEEKS_14_18_CONFIRMATION,dq2_market_hgb_15m_l15_r10,DQ2_MARKET_HGB,0.95,0.0855382209696666,-1,5m,29,20,8.936173525609671,0.030814391467619575,-0.025755813953488412,0.3793103448275862,10.317602337756384,1.2890535813419797,-0.00997985218475932,-2.753523202229129,-0.4643677652084996,1.787234705121935,2,5
LATENCY_180S,180,25.0,0.05,0.95,0.1,REG_WEEKS_14_18_CONFIRMATION,dq2_market_hgb_15m_l31_r20,DQ2_MARKET_HGB,0.7,0.0415017778949682,1,settle,70,70,22.03921461676959,0.03148459230967081,-1.0025,0.44285714285714284,89.54042557230173,1.0563698820046543,0.01663316004378931,10.535760909138205,-19.522369846642214,4.407842923353913,3,5
LATENCY_180S,180,25.0,0.05,0.95,0.1,REG_WEEKS_14_18_CONFIRMATION,prior_sq_process_adjustment_ewm5,PRIOR_SQ_EPA,0.8,0.628218750930896,-1,30m,193,69,-93.08820789077711,-0.04823223206776016,-0.0677173913043479,0.40414507772020725,141.3160693435612,0.7883680580032625,-0.00018824928351353202,-48.0007539051022,-40.22106606172839,-18.61764157815542,1,5
LATENCY_180S,180,25.0,0.05,0.95,0.1,REG_WEEKS_14_18_CONFIRMATION,baseline_cumulative_epa,BASELINE,0.8,14.412759758532047,-1,30m,40,26,-6.791030375148992,-0.01697757593787238,-0.32433908045977006,0.3,55.10665887634156,0.9565841416108789,-0.013210192604343713,-29.913355527451266,-15.211012816248399,-1.358206075029797,1,5
LATENCY_180S,180,25.0,0.05,0.95,0.1,REG_WEEKS_14_18_CONFIRMATION,baseline_cumulative_epa,BASELINE,0.7,10.731233805418007,1,settle,54,54,33.137898454977105,0.06136647862032794,0.13386363636363646,0.7592592592592593,54.69381395225636,1.2542712331093575,0.02124092110876023,-5.419793876248211,-2.944975857209947,6.627579690995418,3,5
LATENCY_180S,180,25.0,0.05,0.95,0.1,REG_WEEKS_14_18_CONFIRMATION,baseline_net_yards_007,BASELINE,0.9,7.385,-1,5m,27,14,-19.211271759914275,-0.07115285837005286,-0.03407894736842093,0.2222222222222222,18.856601430243945,0.16470043184275662,-0.015504883115354359,-4.179774420281149,-5.368564424264585,-3.8422543519828545,1,5
LATENCY_180S,180,25.0,0.05,0.95,0.1,REG_WEEKS_14_18_CONFIRMATION,p11_v2_exact,P11_V2_EXACT,0.6,0.3359957097075061,-1,settle,65,65,-51.34989410323065,-0.07899983708189331,0.06132978723404253,0.6307692307692307,110.91522442816648,0.7865756687313771,-0.04321718447752996,-5.219115677187128,-27.863884272791278,-10.26997882064613,3,5
LATENCY_180S,180,25.0,0.05,0.95,0.1,REG_WEEKS_14_18_CONFIRMATION,baseline_current_dq_cumulative,BASELINE,0.8,6.122135242000772,1,15m,40,25,-34.213279140267495,-0.08553319785066871,-0.15874999999999995,0.375,76.31143726868879,0.7075778920288771,0.01529381428023055,-6.779733424470264,-17.009935918558742,-6.842655828053499,3,5
LATENCY_180S,180,25.0,0.05,0.95,0.1,REG_WEEKS_14_18_CONFIRMATION,p11_v2_exact,P11_V2_EXACT,0.9,0.7779313984309322,-1,15m,11,9,-6.081149238448102,-0.05528317489498275,-0.03027777777777779,0.36363636363636365,6.461735129301741,0.1812870399954343,-0.016861081124363644,-0.21865594187856713,-1.5660807961991055,-1.2162298476896205,1,5
LATENCY_180S,180,25.0,0.05,0.95,0.1,REG_WEEKS_14_18_CONFIRMATION,p11_v2_exact,P11_V2_EXACT,0.8,0.5741461803163885,-1,30m,37,27,-17.835141871444623,-0.04820308613903951,0.009078947368421133,0.5405405405405406,26.5597868133716,0.5808077951058449,-0.0143197545212594,-2.1024830790179836,-6.384974593253057,-3.567028374288924,2,5
LATENCY_180S,180,25.0,0.05,0.95,0.1,REG_WEEKS_14_18_CONFIRMATION,p11_v2_exact,P11_V2_EXACT,0.9,0.7779313984309322,-1,5m,19,11,-5.190937082445697,-0.027320721486556298,-0.013994252873563205,0.3157894736842105,4.836266752775367,0.25665934359584724,0.0012082911733742173,-0.7760443694862476,-1.4438636677092336,-1.0381874164891394,2,5
LATENCY_180S,180,25.0,0.05,0.95,0.1,REG_WEEKS_14_18_CONFIRMATION,baseline_net_yards_007,BASELINE,0.9,7.385,-1,30m,13,10,-7.751567378206871,-0.05962744137082207,0.02022727272727271,0.5384615384615384,13.208108110548515,0.5378358423030729,-0.03176226179477023,0.20227272727272708,-2.450487526274286,-1.5503134756413741,3,5
LATENCY_180S,180,25.0,0.05,0.95,0.1,REG_WEEKS_14_18_CONFIRMATION,baseline_current_dq_cumulative,BASELINE,0.85,6.962058824045694,1,30m,11,10,-1.4252212479194584,-0.012956556799267827,-0.2247222222222221,0.36363636363636365,22.064506962205165,0.9664894749362548,0.023462243021583243,-2.025000000000001,-3.852508017699833,-0.28504424958389096,1,5
LATENCY_180S,180,25.0,0.05,0.95,0.1,REG_WEEKS_14_18_CONFIRMATION,tweak_process_outcome_agreement,DQ2_TWEAK_AGREEMENT,0.8,1.5641421815391412,1,settle,74,74,129.49258255277434,0.17498997642266798,-1.0025,0.43243243243243246,50.12500000000002,1.307546805730375,0.02573350868619278,4.90462395964053,8.472100149138512,25.898516510554867,3,5
LATENCY_180S,180,25.0,0.05,0.95,0.1,REG_WEEKS_14_18_CONFIRMATION,tweak_process_outcome_ensemble,DQ2_TWEAK_ENSEMBLE,0.85,1.5079970473606323,1,settle,75,75,103.45120322112238,0.1379349376281632,-1.0025,0.4266666666666667,58.81030582635063,1.2399842329551065,0.014798258829922695,-20.245692467793027,0.8729029068867533,20.690240644224485,2,5
LATENCY_180S,180,25.0,0.05,0.95,0.1,REG_WEEKS_14_18_CONFIRMATION,tweak_process_uncertainty_scaled,DQ2_TWEAK_PRICE_AWARE,0.6,0.4255413557822185,1,settle,76,76,36.55573120480917,0.0480996463221173,-1.0025,0.4473684210526316,97.45448717948716,1.0868204042389484,0.014377327589288155,-48.94469794828336,-24.509520833632234,7.3111462409618415,2,5
LATENCY_180S,180,25.0,0.05,0.95,0.1,REG_WEEKS_14_18_CONFIRMATION,tweak_outcome_epa_agreement,DQ2_TWEAK_AGREEMENT,0.8,1.3042297086372814,-1,settle,42,42,34.718216781880336,0.08266242090923888,-1.0025,0.2857142857142857,120.40979262672812,1.1154387922922042,-0.01018931523212192,-24.973524844720494,-17.616504426875167,6.943643356376063,2,5
LATENCY_180S,180,25.0,0.05,0.95,0.1,REG_WEEKS_14_18_CONFIRMATION,tweak_process_epa_ensemble,DQ2_TWEAK_ENSEMBLE,0.8,0.9452602120503795,1,settle,73,73,153.28901217097535,0.2099849481794183,0.072768817204301,0.5342465753424658,53.702379534809864,1.4497257214932533,0.0623061601354468,-6.008136361734579,14.201509190584028,30.65780243419507,3,5
LATENCY_180S,180,25.0,0.05,0.95,0.1,REG_WEEKS_14_18_CONFIRMATION,tweak_outcome_remaining_time_scaled,DQ2_TWEAK_TIME_AWARE,0.9,0.1955260315222922,-1,settle,64,64,179.73521991956568,0.28083628112432135,0.11485330836454438,0.59375,66.68648648648653,1.6895653938981996,0.058165869001333775,-2.9711290805630295,18.2362988992058,35.94704398391314,4,5
LATENCY_180S,180,25.0,0.05,0.95,0.1,REG_WEEKS_14_18_CONFIRMATION,tweak_market_uncertainty_scaled,DQ2_TWEAK_PRICE_AWARE,0.85,1.1654701584764322,-1,30m,78,51,-3.8248224743209933,-0.004903618556821782,-0.06021365149833524,0.44871794871794873,42.69670709297602,0.971900993143024,0.006505770667839921,-8.523525461166642,-9.066687770778264,-0.7649644948641982,2,5
LATENCY_180S,180,25.0,0.05,0.95,0.1,REG_WEEKS_14_18_CONFIRMATION,tweak_process_outcome_epa_ensemble,DQ2_TWEAK_ENSEMBLE,0.6,0.5590538939184704,1,settle,78,78,-23.61898378951,-0.03028074844808981,-1.0025,0.4230769230769231,134.9685628146977,0.9476442587098699,-0.008685177893325192,-36.712914520646954,-30.745573426167226,-4.723796757902003,2,5
LATENCY_180S,180,25.0,0.05,0.95,0.1,REG_WEEKS_14_18_CONFIRMATION,tweak_outcome_epa_agreement,DQ2_TWEAK_AGREEMENT,0.85,1.5000079826371508,1,5m,76,35,-5.971473075465379,-0.007857201415086027,-0.0025,0.3815789473684211,11.868070109043156,0.7844577460771107,0.0053490966497385965,-1.2231905570096728,-2.9689685308633442,-1.1942946150930758,2,5
LATENCY_180S,180,25.0,0.05,0.95,0.1,REG_WEEKS_14_18_CONFIRMATION,tweak_outcome_epa_agreement,DQ2_TWEAK_AGREEMENT,0.7,1.1083703175196418,-1,30m,78,53,-77.02024543108749,-0.0987439043988301,-0.21500000000000008,0.2948717948717949,106.0543560877888,0.6705335273777424,-0.018417562420582605,-23.195922248629017,-30.625552104525646,-15.404049086217498,2,5
LATENCY_180S,180,25.0,0.05,0.95,0.1,POSTSEASON_FINAL_AUDIT,dq2_outcome_hgb_l15_r10_surprise_ewm10,DQ2_EPA_HGB,0.6,0.0808722506529674,1,settle,12,12,5.253324343208305,0.04377770286006918,0.13182453217123818,0.5833333333333334,27.061660478391545,1.1048044756749786,0.08864128402151715,-6.432638888888887,-2.446043914197923,1.3133310858020764,2,4
LATENCY_180S,180,25.0,0.05,0.95,0.1,POSTSEASON_FINAL_AUDIT,dq2_outcome_hgb_l7_r5_surprise_ewm5,DQ2_EPA_HGB,0.7,0.1476416999738668,1,settle,12,12,-5.7467795714035645,-0.04788982976169646,-0.4705851063829787,0.5,45.92958500669343,0.9044591924953688,0.02495325449995321,-6.432638888888887,-6.44919489285089,-1.4366948928508911,2,4
LATENCY_180S,180,25.0,0.05,0.95,0.1,POSTSEASON_FINAL_AUDIT,dq2_outcome_hgb_l7_r5_surprise_ewm10,DQ2_EPA_HGB,0.6,0.0875126599862819,1,settle,12,12,-32.13311870361209,-0.26777598919676754,-1.0025,0.4166666666666667,45.92958500669343,0.5421001965997564,-0.0678653840195944,-13.151766848459328,-13.045779675903022,-8.033279675903023,1,4
LATENCY_180S,180,25.0,0.05,0.95,0.1,POSTSEASON_FINAL_AUDIT,p11_cvw0.5_k3_c0.1_tnone,P11_V2_GRID,0.6,3.1930212085612006,1,settle,12,12,-52.57513227513226,-0.43812610229276894,-1.0025,0.3333333333333333,52.525132275132265,0.3444497222552086,-0.07986956600671326,-21.275066137566135,-19.409408068783065,-13.143783068783065,0,4
LATENCY_180S,180,25.0,0.05,0.95,0.1,POSTSEASON_FINAL_AUDIT,p11_cvw0.5_k3_c0.1_tremaining_linear,P11_V2_GRID,0.6,0.15965106042806,1,settle,12,12,-52.57513227513226,-0.43812610229276894,-1.0025,0.3333333333333333,52.525132275132265,0.3444497222552086,-0.07986956600671326,-21.275066137566135,-19.409408068783065,-13.143783068783065,0,4
LATENCY_180S,180,25.0,0.05,0.95,0.1,POSTSEASON_FINAL_AUDIT,p11_cvw0.5_k3_c0.1_telapsed_sqrt,P11_V2_GRID,0.6,3.1828501141215737,1,settle,12,12,-53.70720774683038,-0.4475600645569198,-1.0025,0.3333333333333333,52.525132275132265,0.33033406799463355,-0.08292155451489844,-21.841103873415193,-19.692426936707598,-13.426801936707594,0,4
LATENCY_180S,180,25.0,0.05,0.95,0.1,POSTSEASON_FINAL_AUDIT,p11_cvw0.5_k3_c0.1_tp11_cosine,P11_V2_GRID,0.6,0.3221907791020931,1,settle,12,12,-52.57513227513226,-0.43812610229276894,-1.0025,0.3333333333333333,52.525132275132265,0.3444497222552086,-0.08130655614740913,-21.275066137566135,-19.409408068783065,-13.143783068783065,0,4
LATENCY_180S,180,25.0,0.05,0.95,0.1,POSTSEASON_FINAL_AUDIT,dq2_process_hgb_l15_r10_surprise_ewm5,DQ2_EPA_HGB,0.8,0.5176337005850116,-1,settle,12,12,33.7641437159882,0.2813678642999016,0.4364233954451347,0.75,10.024999999999999,2.122664795211578,0.1789282938052549,9.119221408857406,7.187910928997049,8.44103592899705,3,4
LATENCY_180S,180,25.0,0.05,0.95,0.1,POSTSEASON_FINAL_AUDIT,dq2_process_hgb_l7_r5_surprise_ewm10,DQ2_EPA_HGB,0.6,0.2542854895101879,1,settle,12,12,-1.487202538339492,-0.012393354486162467,-0.46486559139784944,0.5,27.90277777777777,0.9752751032695014,0.053777857326861224,-6.432638888888887,-6.637425634584872,-0.371800634584873,2,4
LATENCY_180S,180,25.0,0.05,0.95,0.1,POSTSEASON_FINAL_AUDIT,dq2_market_hgb_15m_l7_r5,DQ2_MARKET_HGB,0.8,0.0398489669697667,-1,30m,7,6,-0.3809285252562554,-0.0054418360750893725,0.009999999999999955,0.5714285714285714,1.5634615384615382,0.9434909040845745,0.019762920498523764,0.6000000000000001,-0.29066482362175616,-0.09523213131406386,3,4
LATENCY_180S,180,25.0,0.05,0.95,0.1,POSTSEASON_FINAL_AUDIT,dq2_market_hgb_15m_l7_r5,DQ2_MARKET_HGB,0.85,0.0461950882524378,-1,30m,4,4,-6.641012558869703,-0.16602531397174258,-0.14192307692307699,0.25,2.83846153846154,0.014834566636197902,-0.06114372998982692,0.0,-2.015060832025118,-1.6602531397174258,1,4
LATENCY_180S,180,25.0,0.05,0.95,0.1,POSTSEASON_FINAL_AUDIT,dq2_market_hgb_15m_l15_r10,DQ2_MARKET_HGB,0.95,0.0855382209696666,-1,5m,0,0,0.0,,,,0.0,,,0.0,0.0,0.0,0,4
LATENCY_180S,180,25.0,0.05,0.95,0.1,POSTSEASON_FINAL_AUDIT,dq2_market_hgb_15m_l31_r20,DQ2_MARKET_HGB,0.7,0.0415017778949682,1,settle,12,12,20.267719793996626,0.1688976649499719,0.39188477482570194,0.5833333333333334,39.449977895667544,1.4043435370373396,0.10631401130253021,-7.928365384615383,1.3075549484991593,5.066929948499158,1,4
LATENCY_180S,180,25.0,0.05,0.95,0.1,POSTSEASON_FINAL_AUDIT,prior_sq_process_adjustment_ewm5,PRIOR_SQ_EPA,0.8,0.628218750930896,-1,30m,35,12,-23.877900592167833,-0.06822257312047951,-0.016013513513513485,0.4857142857142857,29.903457459772916,0.5614485227784936,-0.012835104887191723,-7.469719343707714,-10.403020163626406,-5.9694751480419574,0,4
LATENCY_180S,180,25.0,0.05,0.95,0.1,POSTSEASON_FINAL_AUDIT,baseline_cumulative_epa,BASELINE,0.8,14.412759758532047,-1,30m,8,5,1.3364302364302367,0.01670537795537795,-0.050576923076923186,0.5,10.62692307692308,1.0542904218996034,0.004913235661539445,0.0,-1.8307161588411591,0.33410755910755885,1,4
LATENCY_180S,180,25.0,0.05,0.95,0.1,POSTSEASON_FINAL_AUDIT,baseline_cumulative_epa,BASELINE,0.7,10.731233805418007,1,settle,9,9,7.216581093697087,0.08018423437441208,0.27955128205128194,0.7777777777777778,10.024999999999999,1.3599292316058398,0.06614608729472804,3.0750676132521964,1.8041452734242722,1.8041452734242722,3,4
LATENCY_180S,180,25.0,0.05,0.95,0.1,POSTSEASON_FINAL_AUDIT,baseline_net_yards_007,BASELINE,0.9,7.385,-1,5m,8,3,0.6376266417568078,0.007970333021960097,-0.0025,0.375,0.23138297872340285,3.7557197390869117,0.02028253858118563,0.0,0.13048378809877662,0.15940666043920196,1,4
LATENCY_180S,180,25.0,0.05,0.95,0.1,POSTSEASON_FINAL_AUDIT,p11_v2_exact,P11_V2_EXACT,0.6,0.3359957097075061,-1,settle,10,10,7.049504147193698,0.07049504147193701,0.17616004962779147,0.7,20.049999999999997,1.2343974778784272,0.04286968816416872,-1.166646402479045,0.5092510367984248,1.7623760367984247,2,4
LATENCY_180S,180,25.0,0.05,0.95,0.1,POSTSEASON_FINAL_AUDIT,baseline_current_dq_cumulative,BASELINE,0.8,6.122135242000772,1,15m,5,2,-9.557789432789432,-0.1911557886557886,-0.11361111111111105,0.2,4.917404817404818,0.08466778780685626,-0.016322464685769845,-2.320192307692307,-2.972620435120435,-2.3894473581973577,0,4
LATENCY_180S,180,25.0,0.05,0.95,0.1,POSTSEASON_FINAL_AUDIT,p11_v2_exact,P11_V2_EXACT,0.9,0.7779313984309322,-1,15m,9,2,-5.657649527409465,-0.06286277252677182,-0.0459782608695653,0.2222222222222222,5.493385648710517,0.17565135318177322,-0.039106074842943275,-0.33826503497725025,-2.0319658778640237,-1.414412381852366,0,4
LATENCY_180S,180,25.0,0.05,0.95,0.1,POSTSEASON_FINAL_AUDIT,p11_v2_exact,P11_V2_EXACT,0.8,0.5741461803163885,-1,30m,6,2,-7.065682129088422,-0.11776136881814037,-0.0369873150105709,0.3333333333333333,7.55,0.14766002803870815,-0.09059135600656422,-0.012648221343873334,-2.63911074966341,-1.7664205322721056,0,4
LATENCY_180S,180,25.0,0.05,0.95,0.1,POSTSEASON_FINAL_AUDIT,p11_v2_exact,P11_V2_EXACT,0.9,0.7779313984309322,-1,5m,14,2,-1.2810419423673443,-0.009150299588338176,-0.007819148936170138,0.21428571428571427,2.23073433368026,0.5426579009047636,0.003623550225204838,-0.16728723404255205,-0.6249001496422939,-0.3202604855918362,0,4
LATENCY_180S,180,25.0,0.05,0.95,0.1,POSTSEASON_FINAL_AUDIT,baseline_net_yards_007,BASELINE,0.9,7.385,-1,30m,3,2,-3.3869398332164287,-0.11289799444054761,-0.03546703296703296,0.3333333333333333,0.35467032967032974,0.0878167272055592,-0.07325148456412112,-0.014303249941547413,-0.8467349583041072,-0.8467349583041072,0,4
LATENCY_180S,180,25.0,0.05,0.95,0.1,POSTSEASON_FINAL_AUDIT,baseline_current_dq_cumulative,BASELINE,0.85,6.962058824045694,1,30m,4,2,-10.522710622710624,-0.26306776556776557,-0.20030219780219785,0.5,15.234615384615385,0.30928938098844677,-0.010046410908301278,0.0,-4.535004578754578,-2.6306776556776557,1,4
LATENCY_180S,180,25.0,0.05,0.95,0.1,POSTSEASON_FINAL_AUDIT,tweak_process_outcome_agreement,DQ2_TWEAK_AGREEMENT,0.8,1.5641421815391412,1,settle,12,12,13.430043400759523,0.1119170283396627,-1.0025,0.4166666666666667,40.099999999999994,1.1913793145815395,0.030773965646881268,6.130057932263817,-0.40186414981011875,3.3575108501898807,2,4
LATENCY_180S,180,25.0,0.05,0.95,0.1,POSTSEASON_FINAL_AUDIT,tweak_process_outcome_ensemble,DQ2_TWEAK_ENSEMBLE,0.85,1.5079970473606323,1,settle,12,12,-6.682850241545886,-0.05569041867954905,-1.0025,0.3333333333333333,47.95277777777777,0.916672690255039,-0.03745088956150384,-6.432638888888887,-6.683212560386471,-1.6707125603864714,2,4
LATENCY_180S,180,25.0,0.05,0.95,0.1,POSTSEASON_FINAL_AUDIT,tweak_process_uncertainty_scaled,DQ2_TWEAK_PRICE_AWARE,0.6,0.4255413557822185,1,settle,12,12,-38.349033760315024,-0.3195752813359586,-1.0025,0.4166666666666667,41.48192849715713,0.45352285343334486,-0.056116892422140054,-16.290570175438592,-17.106008440078753,-9.587258440078756,0,4
LATENCY_180S,180,25.0,0.05,0.95,0.1,POSTSEASON_FINAL_AUDIT,tweak_outcome_epa_agreement,DQ2_TWEAK_AGREEMENT,0.8,1.3042297086372814,-1,settle,7,7,-19.694230769230764,-0.2813461538461538,-1.0025,0.2857142857142857,40.919230769230765,0.6070976405140994,-0.052975073933989536,-11.943749999999996,-9.93605769230769,-4.923557692307691,1,4
LATENCY_180S,180,25.0,0.05,0.95,0.1,POSTSEASON_FINAL_AUDIT,tweak_process_epa_ensemble,DQ2_TWEAK_ENSEMBLE,0.8,0.9452602120503795,1,settle,12,12,-40.27594384131229,-0.3356328653442691,-1.0025,0.3333333333333333,45.44411764705882,0.497806186517303,-0.12505606335020342,-7.684558823529411,-15.081485960328072,-10.068985960328073,1,4
LATENCY_180S,180,25.0,0.05,0.95,0.1,POSTSEASON_FINAL_AUDIT,tweak_outcome_remaining_time_scaled,DQ2_TWEAK_TIME_AWARE,0.9,0.1955260315222922,-1,settle,11,11,18.797320648407606,0.17088473316734187,0.3488513513513513,0.6363636363636364,22.098076923076924,1.4687611134266236,0.04714439244618893,7.318766921484312,0.939955162101902,4.6993301621019015,3,4
LATENCY_180S,180,25.0,0.05,0.95,0.1,POSTSEASON_FINAL_AUDIT,tweak_market_uncertainty_scaled,DQ2_TWEAK_PRICE_AWARE,0.85,1.1654701584764322,-1,30m,11,8,-9.131631669196159,-0.08301483335632871,-0.1275000000000001,0.36363636363636365,8.442856158992079,0.3919768231242682,-0.030981129285068933,-2.8118393234672316,-3.13932460054889,-2.28290791729904,2,4
LATENCY_180S,180,25.0,0.05,0.95,0.1,POSTSEASON_FINAL_AUDIT,tweak_process_outcome_epa_ensemble,DQ2_TWEAK_ENSEMBLE,0.6,0.5590538939184704,1,settle,12,12,2.664900384255226,0.022207503202126944,-0.46486559139784944,0.5,47.95277777777777,1.0443042457897793,0.05853957285417568,-6.432638888888887,-4.346274903936194,0.6662250960638065,2,4
LATENCY_180S,180,25.0,0.05,0.95,0.1,POSTSEASON_FINAL_AUDIT,tweak_outcome_epa_agreement,DQ2_TWEAK_AGREEMENT,0.85,1.5000079826371508,1,5m,13,5,-4.525969997803166,-0.03481515382925513,-0.04847701149425293,0.15384615384615385,4.978003632814864,0.20951207557091803,-0.010951666011051213,-1.206127994676131,-1.6199419331444864,-1.1314924994507916,0,4
LATENCY_180S,180,25.0,0.05,0.95,0.1,POSTSEASON_FINAL_AUDIT,tweak_outcome_epa_agreement,DQ2_TWEAK_AGREEMENT,0.7,1.1083703175196418,-1,30m,11,7,-20.534213009213012,-0.18667466372011832,-0.10250000000000009,0.18181818181818182,18.24767454767455,0.20325641907173347,-0.060539012551209526,-5.996149683649685,-6.764947552447554,-5.133553252303253,0,4
